plot;abbr;layer;cover;voucher;comment;history
se01;acer pseu;hl;+;;;
se01;aden alpi;hl;+;;;
se01;aspl scol scol;hl;2a;;;
se01;cala vari;hl;+;;;
se01;card enne;hl;+;;;
se01;cirs eris;hl;+;;;
se01;clem vita;hl;2a;;;
se01;cory avel;hl;+;;;
se01;cycl purp;hl;+;;;
se01;dryo fili;hl;+;;;
se01;eupa cann;hl;+;;;
se01;gale flav;hl;2b;;;
se01;gale psis spec ies;hl;+;;;
se01;gali odor;hl;+;;;
se01;gali sylv;hl;+;;;
se01;gera robe;hl;1;;;
se01;hepa nobi;hl;+;;;
se01;lact mura;hl;+;;;
se01;luna redi;hl;2b;;;
se01;meli nuta;hl;+;;;
se01;merc pere;hl;2b;;;
se01;poly acul;hl;+;;;
se01;salv glut;hl;+;;;
se01;samb nigr;hl;+;;;
se01;sorb aucu aucu;hl;+;;;
se01;urti dioi dioi;hl;+;;;
se01;vinc hiru;hl;+;;;
se01;cory avel;sl;3;;;
se01;samb nigr;sl;2a;;;
se01;acer pseu;tl1;3;;;
se01;frax exce;tl1;2b;;;
se01;fagu sylv;tl2;2a;;;
se01;frax exce;tl2;1;;;
se01;pice abie;tl2;2a;;;
se01;ulmu glab;tl2;2a;;;
se02;acer pseu;hl;+;;;
se02;asar euro cauc;hl;+;;;
se02;beto alop;hl;+;;;
se02;brom bene;hl;+;;;
se02;buph sali;hl;+;;;
se02;cala vari;hl;+;;;
se02;camp trac;hl;+;;;
se02;card enne;hl;+;;;
se02;care alba;hl;+;;;
se02;cirs eris;hl;+;;;
se02;clem vita;hl;1;;;
se02;cory avel;hl;+;;;
se02;cycl purp;hl;+;;;
se02;eupa cann;hl;+;;;
se02;fagu sylv;hl;+;;;
se02;frax exce;hl;+;;;
se02;gale flav;hl;2a;;;
se02;gali odor;hl;+;;;
se02;gali sylv;hl;+;;;
se02;gera robe;hl;+;;;
se02;hell nige;hl;r;;;
se02;hera spho eleg;hl;+;;;
se02;hylo maxi;hl;r;;;
se02;luna redi;hl;2a;;;
se02;merc pere;hl;3;;;
se02;poly mult;hl;+;;;
se02;poly odor;hl;r;;;
se02;salv glut;hl;+;;;
se02;sene ovat ovat;hl;+;;;
se02;stac alpi;hl;+;;;
se02;tili plat;hl;+;;;
se02;ulmu glab;hl;+;;;
se02;urti dioi dioi;hl;+;;;
se02;vinc hiru;hl;1;;;
se02;cory avel;sl;3;;;
se02;frax exce;sl;2a;;;
se02;acer pseu;tl1;2b;;;
se02;fagu sylv;tl1;2a;;;
se02;frax exce;tl1;2a;;;
se02;pice abie;tl1;2a;;;
se02;tili plat;tl1;2a;;;
se02;frax exce;tl2;2a;;;
se02;tili plat;tl2;3;;;
se03;aego poda;hl;+;;;
se03;alli ursi ursi;hl;3;;;
se03;arun dioi;hl;+;;;
se03;asar euro euro;hl;+;;;
se03;aspl scol scol;hl;1;;;
se03;aspl tric quad;hl;+;;;
se03;brac sylv;hl;+;;;
se03;care digi;hl;+;;;
se03;cory avel;hl;+;;;
se03;dryo affi aggr;hl;+;;;
se03;dryo fili;hl;+;;;
se03;euon euro;hl;+;;;
se03;frax exce;hl;+;;;
se03;gale mont;hl;2a;;;
se03;gali odor;hl;+;;;
se03;gera robe;hl;+;;;
se03;geum urba;hl;+;;;
se03;hede heli;hl;4;;;
se03;hell nige;hl;r;;;
se03;ligu vulg;hl;r;;;
se03;phyt spic;hl;r;;;
se03;poly acul;hl;+;;;
se03;poly vulg;hl;+;;;
se03;prim elat;hl;+;;;
se03;rubu sect rubu;hl;+;;;
se03;samb nigr;hl;+;;;
se03;stac alpi;hl;+;;;
se03;symp tube slat;hl;+;;;
se03;ulmu glab;hl;+;;;
se03;vibu opul;hl;+;;;
se03;neck cris;ml;1;;;
se03;acer plat;sl;+;;;
se03;corn sang slat;sl;+;;;
se03;cory avel;sl;1;;;
se03;fagu sylv;sl;+;;;
se03;hede heli;sl;+;;;
se03;loni xylo;sl;+;;;
se03;pice abie;sl;r;;;
se03;samb nigr;sl;2b;;;
se03;taxu bacc;sl;r;;;
se03;tili plat;sl;+;;;
se03;ulmu glab;sl;+;;;
se03;acer pseu;tl1;3;;;
se03;frax exce;tl1;2a;;;
se03;ulmu glab;tl1;2b;;;
se03;acer pseu;tl2;2a;;;
se03;carp betu;tl2;3;;;
se03;hede heli;tl2;1;;;
se03;ulmu glab;tl2;2a;;;
se04;abie alba;hl;+;;;
se04;acer pseu;hl;+;;;
se04;arab aren;hl;+;;;
se04;aspl ruta;hl;+;;;
se04;aspl tric quad;hl;+;;;
se04;aspl viri;hl;+;;;
se04;buph sali;hl;1;;;
se04;cala vari;hl;2a;;;
se04;camp pers;hl;+;;;
se04;camp rotu;hl;+;;;
se04;camp trac;hl;+;;;
se04;card defl viri;hl;1;;;
se04;card enne;hl;+;;;
se04;care digi;hl;+;;;
se04;carp betu;hl;+;;;
se04;ceph dama;hl;+;;;
se04;clem vita;hl;+;;;
se04;cycl purp;hl;+;;;
se04;dryo cart;hl;+;;;
se04;dryo fili;hl;+;;;
se04;epip atro;hl;+;;;
se04;fagu sylv;hl;+;;;
se04;fest amet amet;hl;+;;;
se04;fest pall;hl;r;;;
se04;frag vesc;hl;+;;;
se04;frax exce;hl;+;;;
se04;gali anis;hl;+;;;
se04;gali luci;hl;1;;;
se04;gali sylv;hl;+;;;
se04;hede heli;hl;+;;;
se04;hepa nobi;hl;+;;;
se04;hylo maxi;hl;+;;;
se04;hype hirs;hl;+;;;
se04;hype perf;hl;+;;;
se04;lact mura;hl;+;;;
se04;luzu luzu ides;hl;+;;;
se04;luzu sylv sylv;hl;+;;;
se04;merc pere;hl;+;;;
se04;moeh musc;hl;+;;;
se04;pice abie;hl;+;;;
se04;poly mult;hl;+;;;
se04;poly vulg;hl;+;;;
se04;quer robu;hl;+;;;
se04;rubu idae;hl;+;;;
se04;rubu sect rubu;hl;+;;;
se04;salv glut;hl;+;;;
se04;sese aust;hl;r;;;
se04;sesl caer;hl;3;;;
se04;soli virg virg;hl;+;;;
se04;sorb aria;hl;+;;;
se04;tili plat;hl;+;;;
se04;vacc myrt;hl;+;;;
se04;neck cris;ml;2a;;;
se04;corn sang slat;sl;+;;;
se04;cory avel;sl;3;;;
se04;frax exce;sl;+;;;
se04;sorb aria;sl;1;;;
se04;tili plat;tl1;2b;;;
se04;fagu sylv;tl2;2b;;;
se04;pice abie;tl2;1;;;
se04;sorb aria;tl2;2a;;;
se04;tili ﾃ要ul;tl2;1;;;
se04;tili plat;tl2;1;;;
se05;acer pseu;hl;+;;;
se05;arab aren;hl;+;;;
se05;asar euro cauc;hl;1;;;
se05;aspl ruta;hl;+;;;
se05;aspl tric quad;hl;+;;;
se05;aspl viri;hl;+;;;
se05;buph sali;hl;1;;;
se05;camp pers;hl;+;;;
se05;camp rotu;hl;+;;;
se05;camp trac;hl;+;;;
se05;card defl viri;hl;+;;;
se05;care alba;hl;2b;;;
se05;care digi;hl;+;;;
se05;care orni orni;hl;+;;;
se05;carp betu;hl;+;;;
se05;ceph dama;hl;+;;;
se05;clem vita;hl;+;;;
se05;corn sang slat;hl;+;;;
se05;cory avel;hl;+;;;
se05;cycl purp;hl;1;;;
se05;frax exce;hl;+;;;
se05;gali luci;hl;+;;;
se05;gali sylv;hl;+;;;
se05;gera robe;hl;+;;;
se05;hede heli;hl;+;;;
se05;hylo maxi;hl;+;;;
se05;hype hirs;hl;+;;;
se05;knau maxi;hl;+;;;
se05;merc pere;hl;+;;;
se05;moeh musc;hl;+;;;
se05;orig vulg;hl;1;;;
se05;poly acul;hl;+;;;
se05;poly vulg;hl;+;;;
se05;quer robu;hl;+;;;
se05;rubu sect rubu;hl;+;;;
se05;salv glut;hl;+;;;
se05;sene ovat ovat;hl;+;;;
se05;sesl caer;hl;4;;;
se05;hylo sple;ml;+;;;
se05;neck cris;ml;2b;;;
se05;corn sang slat;sl;1;;;
se05;cory avel;sl;4;;;
se05;frax exce;sl;1;;;
se05;fagu sylv;tl1;2a;;;
se05;frax exce;tl1;2a;;;
se05;tili plat;tl1;3;;;
se05;acer pseu;tl2;2a;;;
se05;fagu sylv;tl2;1;;;
se05;frax exce;tl2;2a;;;
se05;quer robu;tl2;1;;;
se05;tili plat;tl2;2a;;;
se06;acer plat;hl;+;;;
se06;arab aren;hl;+;;;
se06;aspl ruta;hl;+;;;
se06;aspl tric quad;hl;+;;;
se06;brac sylv;hl;+;;;
se06;buph sali;hl;+;;;
se06;cala vari;hl;3;;;
se06;camp pers;hl;+;;;
se06;camp rotu;hl;+;;;
se06;card defl viri;hl;1;;;
se06;care digi;hl;1;;;
se06;care orni orni;hl;1;;;
se06;clem vita;hl;+;;;
se06;clin alpi alpi;hl;1;;;
se06;clin vulg vulg;hl;+;;;
se06;corn sang slat;hl;+;;;
se06;cycl purp;hl;1;;;
se06;digi gran;hl;1;;;
se06;dryo fili;hl;+;;;
se06;eric carn;hl;1;;;
se06;fagu sylv;hl;r;;;
se06;frag mosc;hl;2a;;;
se06;frag vesc;hl;+;;;
se06;frax exce;hl;+;;;
se06;gali luci;hl;2a;;;
se06;gali sylv;hl;+;;;
se06;gera robe;hl;+;;;
se06;hepa nobi;hl;+;;;
se06;hier bifi;hl;+;;;
se06;hier spec ies;hl;r;2014-0119;;
se06;hylo maxi;hl;+;;;
se06;hype perf;hl;+;;;
se06;lase lati lati;hl;+;;;
se06;loni alpi;hl;1;;;
se06;mela sylv;hl;+;cf.;;
se06;meli nuta;hl;+;;;
se06;merc pere;hl;+;;;
se06;moeh musc;hl;+;;;
se06;orch masc spec;hl;+;;;
se06;orig vulg;hl;1;;;
se06;pulm offi;hl;+;;;
se06;rham cath;hl;+;;;
se06;rosa pend;hl;1;;;
se06;salv glut;hl;+;;;
se06;sedu albu;hl;+;;;
se06;sesl caer;hl;+;;;
se06;sorb aria;hl;+;;;
se06;sorb aucu aucu;hl;+;;;
se06;teuc cham;hl;1;;;
se06;tili plat;hl;+;;;
se06;vacc myrt;hl;+;;;
se06;vero cham cham;hl;1;;;
se06;vinc hiru;hl;1;;;
se06;homa lute;ml;+;;;
se06;hylo sple;ml;2a;;;
se06;pleu schr;ml;1;;;
se06;tort tort;ml;1;;;
se06;clem vita;sl;1;;;
se06;corn sang slat;sl;1;;;
se06;frax exce;sl;1;;;
se06;juni comm comm;sl;+;;;
se06;pice abie;sl;+;;;
se06;rham cath;sl;+;;;
se06;rosa pend;sl;2a;;;
se06;sorb aria;sl;+;;;
se06;frax exce;tl1;1;;;
se06;sorb aria;tl1;2b;;;
se06;tili plat;tl1;1;;;
se06;frax exce;tl2;1;;;
se06;sorb aria;tl2;3;;;
se06;tili ﾃ要ul;tl2;1;2014-0120;;
se07;acer pseu;hl;+;;;
se07;asar euro euro;hl;1;;;
se07;aspl scol scol;hl;2b;;;
se07;athy fili;hl;+;;;
se07;card bulb;hl;+;;;
se07;card enne;hl;2a;;;
se07;circ lute lute;hl;+;;;
se07;dryo cart;hl;+;;;
se07;dryo fili;hl;2b;;;
se07;frax exce;hl;+;;;
se07;gale mont;hl;2b;;;
se07;gera robe;hl;1;;;
se07;impa noli;hl;+;;;
se07;luna redi;hl;1;;;
se07;merc pere;hl;+;;;
se07;pari quad;hl;+;;;
se07;poly acul;hl;+;;;
se07;poly vert;hl;+;;;
se07;poly vulg;hl;+;;;
se07;pulm offi;hl;+;;;
se07;rubu sect rubu;hl;1;;;
se07;samb nigr;hl;+;;;
se07;sile dioi;hl;+;;;
se07;ulmu glab;hl;+;;;
se07;urti dioi dioi;hl;+;;;
se07;acer pseu;sl;1;;;
se07;cory avel;sl;1;;;
se07;ulmu glab;sl;1;;;
se07;acer pseu;tl1;3;;;
se07;frax exce;tl1;3;;;
se07;ulmu glab;tl1;3;;;
se07;acer pseu;tl2;2a;;;
se07;fagu sylv;tl2;1;;;
se07;ulmu glab;tl2;2a;;;
se08;acer pseu;hl;+;;;
se08;alli ursi ursi;hl;5;;;
se08;arun dioi;hl;+;;;
se08;asar euro euro;hl;1;;;
se08;aspl scol scol;hl;+;;;
se08;athy fili;hl;+;;;
se08;card enne;hl;1;;;
se08;dryo cart;hl;+;;;
se08;dryo fili;hl;1;;;
se08;fagu sylv;hl;+;;;
se08;frax exce;hl;+;;;
se08;gale mont;hl;1;;;
se08;gali odor;hl;+;;;
se08;gera robe;hl;+;;;
se08;hede heli;hl;+;;;
se08;luna redi;hl;+;;;
se08;mili effu effu;hl;+;;;
se08;oxal acet;hl;+;;;
se08;poly acul;hl;+;;;
se08;ulmu glab;hl;+;;;
se08;fagu sylv;sl;1;;;
se08;abie alba;tl1;2b;;;
se08;acer pseu;tl1;2a;;;
se08;fagu sylv;tl1;5;;;
se08;frax exce;tl1;2a;;;
se08;abie alba;tl2;2a;;;
se08;fagu sylv;tl2;2a;;;
se08;ulmu glab;tl2;1;;;
se09;acer pseu;hl;+;;;
se09;ajug rept;hl;+;;;
se09;arab aren;hl;+;;;
se09;asar euro cauc;hl;1;;;
se09;aspl tric quad;hl;+;;;
se09;aspl viri;hl;+;;;
se09;brac sylv;hl;+;;;
se09;buph sali;hl;1;;;
se09;cala vari;hl;3;;;
se09;camp pers;hl;+;;;
se09;camp rotu;hl;+;;;
se09;camp trac;hl;+;;;
se09;card bulb;hl;+;;;
se09;card defl viri;hl;1;;;
se09;care alba;hl;2a;;;
se09;care digi;hl;+;;;
se09;ceph long;hl;+;;;
se09;cirs eris;hl;+;;;
se09;clem vita;hl;+;;;
se09;clin alpi alpi;hl;+;;;
se09;clin vulg vulg;hl;+;;;
se09;cory avel;hl;+;;;
se09;cycl purp;hl;+;;;
se09;daph laur;hl;+;;;
se09;digi gran;hl;1;;;
se09;euph cypa;hl;+;;;
se09;frag mosc;hl;2a;;;
se09;frag vesc;hl;+;;;
se09;frax exce;hl;+;;;
se09;gali luci;hl;1;cf. G. Truniacum;;
se09;gali sylv;hl;+;;;
se09;gera robe;hl;+;;;
se09;hepa nobi;hl;1;;;
se09;hier bifi;hl;+;;;
se09;hype perf;hl;+;;;
se09;lact mura;hl;+;;;
se09;lase lati lati;hl;+;;;
se09;loni alpi;hl;+;;;
se09;loni xylo;hl;+;;;
se09;luzu luzu ides;hl;+;;;
se09;meli nuta;hl;1;;;
se09;merc pere;hl;1;;;
se09;neot nidu;hl;+;;;
se09;orch masc spec;hl;+;;;
se09;orig vulg;hl;1;;;
se09;poly acul;hl;+;;;
se09;poly mult;hl;+;;;
se09;rham cath;hl;+;;;
se09;rosa pend;hl;+;;;
se09;rosa tome;hl;+;;;
se09;rubu idae;hl;+;;;
se09;rubu sect rubu;hl;+;;;
se09;salv glut;hl;+;;;
se09;sesl caer;hl;2a;;;
se09;sorb aria;hl;+;;;
se09;tili plat;hl;+;;;
se09;vale offi tenu;hl;+;;;
se09;vero cham cham;hl;+;;;
se09;vinc hiru;hl;+;;;
se09;corn mas;sl;+;;;
se09;cory avel;sl;1;;;
se09;frax exce;sl;+;;;
se09;sorb aria;sl;1;;;
se09;tili plat;sl;2a;;;
se09;tili plat;tl1;4;;;
se09;frax exce;tl2;2a;;;
se09;pice abie;tl2;1;;;
se09;sorb aria;tl2;2b;;;
se09;tili plat;tl2;2b;;;
se10;acer plat;hl;+;;;
se10;ajug rept;hl;+;;;
se10;aspl ruta;hl;+;;;
se10;cala vari;hl;1;;;
se10;camp rotu;hl;+;;;
se10;card enne;hl;+;;;
se10;care alba;hl;1;;;
se10;ceph dama;hl;r;;;
se10;cirs eris;hl;+;;;
se10;clem vita;hl;1;;;
se10;cycl purp;hl;+;;;
se10;digi gran;hl;+;;;
se10;frax exce;hl;+;;;
se10;gali sylv;hl;+;;;
se10;hell nige;hl;4;;;
se10;hepa nobi;hl;+;;;
se10;lact mura;hl;+;;;
se10;loni xylo;hl;+;;;
se10;meli nuta;hl;+;;;
se10;merc pere;hl;+;;;
se10;moeh musc;hl;+;;;
se10;phyt spic;hl;+;;;
se10;poly acul;hl;+;;;
se10;pren purp;hl;+;;;
se10;salv glut;hl;+;;;
se10;soli virg virg;hl;+;;;
se10;acer plat;sl;1;;;
se10;cory avel;sl;2a;;;
se10;pice abie;sl;+;;;
se10;acer plat;tl1;2a;;;
se10;acer pseu;tl1;2a;;;
se10;frax exce;tl1;2a;;;
se10;tili plat;tl1;4;;;
se10;acer plat;tl2;1;;;
se10;fagu sylv;tl2;1;;;
se10;frax exce;tl2;1;;;
se10;sorb aria;tl2;2b;;;
se10;ulmu glab;tl2;1;;;
se11;abie alba;hl;+;;;
se11;aden alpi;hl;2a;;;
se11;atro bell;hl;1;;;
se11;cala vari;hl;3;;;
se11;card enne;hl;+;;;
se11;care alba;hl;2a;;;
se11;care flac;hl;1;;;
se11;cirs eris;hl;1;;;
se11;cyan mont;hl;+;;;
se11;cycl purp;hl;+;;;
se11;eupa cann;hl;+;;;
se11;fagu sylv;hl;+;;;
se11;frax exce;hl;1;;;
se11;gale flav;hl;+;;;
se11;gali luci;hl;r;;;
se11;gali odor;hl;+;;;
se11;gali sylv;hl;+;;;
se11;gera robe;hl;+;;;
se11;hell nige;hl;+;;;
se11;hepa nobi;hl;+;;;
se11;hype hirs;hl;+;;;
se11;ilex aqui;hl;+;;;
se11;knau maxi;hl;+;;;
se11;lact mura;hl;+;;;
se11;loni alpi;hl;+;;;
se11;meli nuta;hl;1;;;
se11;merc pere;hl;+;;;
se11;phyt spic;hl;+;;;
se11;pice abie;hl;+;;;
se11;poly acul;hl;+;;;
se11;poly vert;hl;+;;;
se11;pren purp;hl;+;;;
se11;rubu idae;hl;+;;;
se11;salv glut;hl;2a;;;
se11;sani euro;hl;+;;;
se11;sene ovat ovat;hl;1;;;
se11;sesl caer;hl;2a;;;
se11;stac sylv;hl;+;;;
se11;urti dioi dioi;hl;r;;;
se11;ilex aqui;sl;2a;;;
se11;abie alba;tl1;2b;;;
se11;fagu sylv;tl1;2b;;;
se11;abie alba;tl2;2a;;;
se11;fagu sylv;tl2;2a;;;
se12;abie alba;hl;+;;;
se12;alli ursi ursi;hl;+;;;
se12;asar euro cauc;hl;2a;;;
se12;cala vari;hl;2b;;;
se12;care alba;hl;2b;;;
se12;care flac;hl;2a;;;
se12;ceph dama;hl;+;;;
se12;cycl purp;hl;+;;;
se12;daph meze;hl;+;;;
se12;euph dulc dulc;hl;+;;;
se12;fagu sylv;hl;2a;;;
se12;frax exce;hl;+;;;
se12;gale flav;hl;+;;;
se12;gali odor;hl;+;;;
se12;hell nige;hl;+;;;
se12;hepa nobi;hl;+;;;
se12;lact mura;hl;+;;;
se12;lili mart;hl;+;;;
se12;meli nuta;hl;+;;;
se12;merc pere;hl;1;;;
se12;phyt spic;hl;1;;;
se12;pren purp;hl;+;;;
se12;prim elat;hl;+;;;
se12;salv glut;hl;2a;;;
se12;sene ovat ovat;hl;+;;;
se12;viol reic;hl;+;;;
se12;fagu sylv;sl;1;;;
se12;fagu sylv;tl1;5;;;
se12;frax exce;tl1;2a;;;
se12;fagu sylv;tl2;1;;;
se12;frax exce;tl2;2a;;;
se13;acer pseu;hl;+;;;
se13;acon lyco vulp;hl;+;;;
se13;aden alpi;hl;+;;;
se13;adox mosc;hl;+;;;
se13;ajug rept;hl;+;;;
se13;alli ursi ursi;hl;4;;;
se13;anth niti;hl;2b;;;
se13;arab alpi alpi;hl;+;;;
se13;arun dioi;hl;+;;;
se13;asar euro euro;hl;1;cf.;;
se13;aspl scol scol;hl;1;;;
se13;athy fili;hl;1;;;
se13;card impa;hl;+;;;
se13;card trif;hl;2m;;;
se13;care pend;hl;+;;;
se13;chae hirs;hl;1;;;
se13;circ alpi;hl;+;;;
se13;circ lute lute;hl;+;;;
se13;cyst frag;hl;+;;;
se13;desc cesp;hl;+;;;
se13;dryo borr;hl;r;;;
se13;dryo fili;hl;2b;;;
se13;fagu sylv;hl;+;;;
se13;frax exce;hl;1;;;
se13;gale mont;hl;1;;;
se13;gali odor;hl;+;;;
se13;gera robe;hl;1;;;
se13;impa parv;hl;2a;;;
se13;loni xylo;hl;1;;;
se13;oxal acet;hl;2b;;;
se13;phyt spic;hl;+;;;
se13;poly acul;hl;+;;;
se13;prim elat;hl;r;;;
se13;rubu sect rubu;hl;+;;;
se13;salv glut;hl;+;;;
se13;sani euro;hl;+;;;
se13;saxi rotu;hl;+;;;
se13;sene ovat ovat;hl;1;;;
se13;stac sylv;hl;+;;;
se13;ulmu glab;hl;+;;;
se13;urti dioi dioi;hl;+;;;
se13;acer pseu;sl;2a;;;
se13;fagu sylv;sl;+;;;
se13;loni xylo;sl;2b;;;
se13;samb nigr;sl;2a;;;
se13;fagu sylv;tl1;2a;;;
se13;frax exce;tl1;3;;;
se13;ulmu glab;tl1;2a;;;
se13;acer pseu;tl2;2b;;;
se13;fagu sylv;tl2;2b;;;
se13;frax exce;tl2;2a;;;
se14;acer pseu;hl;+;;;
se14;alli ursi ursi;hl;1;;;
se14;arct nemo;hl;r;cf.;;
se14;asar euro cauc;hl;1;;;
se14;athy fili;hl;1;;;
se14;brac sylv;hl;3;;;
se14;brom bene;hl;2a;;;
se14;camp trac;hl;+;;;
se14;card impa;hl;1;;;
se14;care flac;hl;1;;;
se14;care sylv;hl;1;;;
se14;circ lute lute;hl;+;;;
se14;clem vita;hl;+;;;
se14;colc autu;hl;+;;;
se14;cory avel;hl;+;;;
se14;crat laev laev;hl;r;;;
se14;daph laur;hl;r;;;
se14;daph meze;hl;+;;;
se14;dryo affi aggr;hl;1;;;
se14;dryo fili;hl;2a;;;
se14;eupa cann;hl;+;;;
se14;euph amyg amyg;hl;1;;;
se14;euph dulc dulc;hl;+;;;
se14;fest giga;hl;+;;;
se14;frag mosc;hl;+;;;
se14;frag vesc;hl;1;;;
se14;frax exce;hl;1;;;
se14;gale spec iosa;hl;+;;;
se14;gali odor;hl;+;;;
se14;gera robe;hl;1;;;
se14;geum urba;hl;1;;;
se14;hype hirs;hl;r;;;
se14;impa noli;hl;+;;;
se14;laps comm comm;hl;+;;;
se14;lath prat prat;hl;+;;;
se14;myos sylv;hl;+;;;
se14;poa nemo;hl;+;;;
se14;poly acul;hl;+;;;
se14;pter aqui;hl;1;;;
se14;pulm offi;hl;1;;;
se14;ranu lanu;hl;+;;;
se14;rosa arve;hl;2a;;;
se14;rosa micr;hl;r;;;
se14;rubu sect rubu;hl;2b;;;
se14;samb nigr;hl;1;;;
se14;stac sylv;hl;3;;;
se14;stel nemo;hl;+;;;
se14;ulmu glab;hl;+;;;
se14;vero cham mica;hl;r;cf.;;
se14;viol reic;hl;+;;;
se14;viol rivi;hl;+;;;
se14;acer pseu;sl;+;;;
se14;cory avel;sl;2b;;;
se14;samb nigr;sl;2a;;;
se14;ulmu glab;sl;2a;;;
se14;acer pseu;tl1;2a;;;
se14;frax exce;tl1;3;;;
se14;lari deci deci;tl1;1;;;
se14;visc albu;tl1;r;;;
se14;cory avel;tl2;1;;;
se14;fagu sylv;tl2;1;;;
se14;ulmu glab;tl2;1;;;
se15;abie alba;hl;+;;;
se15;acer pseu;hl;+;;;
se15;alli ursi ursi;hl;+;;;
se15;ange sylv sylv;hl;+;;;
se15;asar euro cauc;hl;1;;;
se15;athy fili;hl;+;;;
se15;brac sylv;hl;2b;;;
se15;brom bene;hl;+;;;
se15;card impa;hl;+;;;
se15;care pend;hl;+;;;
se15;care sylv;hl;2b;;;
se15;carp betu;hl;1;;;
se15;circ lute lute;hl;+;;;
se15;clem vita;hl;+;;;
se15;crat laev laev;hl;+;;;
se15;daph laur;hl;+;;;
se15;daph meze;hl;+;;;
se15;desc cesp;hl;+;;;
se15;dryo affi aggr;hl;+;2014-0098;;
se15;dryo fili;hl;2a;;;
se15;eupa cann;hl;+;;;
se15;euph dulc dulc;hl;+;;;
se15;fagu sylv;hl;+;;;
se15;frag vesc;hl;+;;;
se15;frax exce;hl;+;;;
se15;gali odor;hl;+;;;
se15;gera robe;hl;+;;;
se15;geum urba;hl;+;;;
se15;hype hirs;hl;+;;;
se15;lari deci deci;hl;+;;;
se15;list ovat;hl;+;;;
se15;lysi nemo;hl;+;;;
se15;oxal acet;hl;+;;;
se15;pari quad;hl;+;;;
se15;phyt spic;hl;+;;;
se15;pice abie;hl;+;;;
se15;poly acul;hl;+;;;
se15;poly mult;hl;+;;;
se15;pren purp;hl;+;;;
se15;prim elat;hl;+;;;
se15;prun aviu slat;hl;+;;;
se15;pulm offi;hl;1;;;
se15;ranu lanu;hl;+;;;
se15;rosa arve;hl;2a;;;
se15;rubu sect rubu;hl;+;;;
se15;salv glut;hl;1;;;
se15;samb nigr;hl;+;;;
se15;sani euro;hl;2a;;;
se15;sene ovat ovat;hl;+;;;
se15;soli virg virg;hl;+;;;
se15;stac sylv;hl;+;;;
se15;symp tube slat;hl;+;;;
se15;ulmu glab;hl;+;;;
se15;vera albu slat;hl;+;;;
se15;viol reic;hl;1;;;
se15;viol rivi;hl;+;;;
se15;acer pseu;sl;+;;;
se15;cory avel;sl;4;;;
se15;fagu sylv;sl;+;;;
se15;acer pseu;tl1;2b;;;
se15;fagu sylv;tl1;2b;;;
se15;frax exce;tl1;3;;;
se15;loba pulm;tl1;+;;;
se15;acer pseu;tl2;2a;;;
se15;carp betu;tl2;2a;;;
se15;cory avel;tl2;1;;;
se15;fagu sylv;tl2;2a;;;
se15;frax exce;tl2;2b;;;
se16;acer plat;hl;r;;;
se16;amel oval;hl;+;;;
se16;brac sylv;hl;1;;;
se16;buph sali;hl;1;;;
se16;cala vari;hl;+;;;
se16;care alba;hl;1;;;
se16;care digi;hl;+;;;
se16;care flac;hl;1;;;
se16;care mont;hl;3;;;
se16;care orni orni;hl;r;;;
se16;cirs eris;hl;+;;;
se16;corn mas;hl;+;;;
se16;cory avel;hl;+;;;
se16;crat laev laev;hl;1;;;
se16;cycl purp;hl;+;;;
se16;daph laur;hl;r;;;
se16;digi gran;hl;+;;;
se16;eric carn;hl;+;;;
se16;erys sylv;hl;r;;;
se16;euph cypa;hl;+;;;
se16;fagu sylv;hl;+;;;
se16;fest pall;hl;r;;;
se16;frag mosc;hl;+;;;
se16;frag vesc;hl;+;;;
se16;frax exce;hl;+;;;
se16;gali luci;hl;+;;;
se16;gali sylv;hl;+;;;
se16;hede heli;hl;+;;;
se16;hell nige;hl;+;;;
se16;hepa nobi;hl;+;;;
se16;hier muro;hl;2m;;;
se16;hier saba;hl;r;;;
se16;ligu vulg;hl;+;;;
se16;moli caer aggr;hl;2b;M. arundinacea;;
se16;orch masc spec;hl;r;;;
se16;orig vulg;hl;1;;;
se16;pice abie;hl;+;;;
se16;pren purp;hl;1;;;
se16;quer robu;hl;+;;;
se16;rham cath;hl;1;;;
se16;rosa arve;hl;1;;;
se16;rosa vill;hl;r;;;
se16;salv glut;hl;+;;;
se16;sesl caer;hl;1;;;
se16;soli virg virg;hl;+;;;
se16;sorb aria;hl;1;;;
se16;teuc cham;hl;2a;;;
se16;tili cord;hl;+;;;
se16;vacc myrt;hl;+;;;
se16;vero offi;hl;r;;;
se16;vinc hiru;hl;+;;;
se16;amel oval;sl;1;;;
se16;corn mas;sl;1;;;
se16;cory avel;sl;1;;;
se16;crat laev laev;sl;2a;;;
se16;crat mono;sl;1;;;
se16;fagu sylv;sl;2a;;;
se16;rham cath;sl;+;;;
se16;rosa cani;sl;+;;;
se16;sorb aria;sl;+;;;
se16;fagu sylv;tl1;2a;;;
se16;quer robu;tl1;3;;;
se16;sorb aria;tl1;1;;;
se16;visc albu;tl1;r;;;
se16;fagu sylv;tl2;3;;;
se16;quer robu;tl2;1;;;
se16;sorb aria;tl2;2b;;;
se17;acer camp;hl;+;;;
se17;ajug rept;hl;+;;;
se17;alli cari cari;hl;r;;;
se17;amel oval;hl;+;;;
se17;arab aren;hl;r;;;
se17;arab cili;hl;+;;;
se17;arrh elat;hl;r;;;
se17;asar euro cauc;hl;r;;;
se17;asar euro euro;hl;+;;;
se17;beto alop;hl;+;;;
se17;brom bene;hl;1;;;
se17;brom erec;hl;r;;;
se17;buph sali;hl;+;;;
se17;camp pers;hl;+;;;
se17;camp rotu;hl;r;;;
se17;camp trac;hl;+;;;
se17;care alba;hl;1;;;
se17;care cary;hl;+;;;
se17;care digi;hl;+;;;
se17;care flac;hl;+;;;
se17;care humi;hl;2a;;;
se17;care mont;hl;1;;;
se17;carp betu;hl;+;;;
se17;corn mas;hl;1;;;
se17;cory avel;hl;+;;;
se17;crat laev laev;hl;1;;;
se17;cycl purp;hl;+;;;
se17;dact glom glom;hl;+;2014-0096;;
se17;daph laur;hl;r;;;
se17;dian cart cart;hl;+;;;
se17;digi gran;hl;+;;;
se17;euon euro;hl;+;;;
se17;euon lati;hl;+;;;
se17;euph cypa;hl;+;;;
se17;euph dulc dulc;hl;+;;;
se17;fest pall;hl;r;;;
se17;fest rubr slat;hl;r;;;
se17;frag mosc;hl;+;;;
se17;frax exce;hl;+;;;
se17;gali luci;hl;+;;;
se17;gali pumi;hl;r;cf.;;
se17;gali sylv;hl;+;;;
se17;hede heli;hl;+;;;
se17;hell nige;hl;+;;;
se17;hepa nobi;hl;+;;;
se17;hier muro;hl;1;;;
se17;hier saba;hl;+;;;
se17;hylo maxi;hl;+;;;
se17;hype perf;hl;+;;;
se17;inul cony;hl;+;2014-0121;;
se17;ligu vulg;hl;+;;;
se17;luzu luzu ides;hl;r;;;
se17;meli nuta;hl;+;;;
se17;merc pere;hl;r;;;
se17;orch masc spec;hl;+;;;
se17;orig vulg;hl;1;;;
se17;poa angu;hl;1;;;
se17;poa nemo;hl;1;;;
se17;poly vulg;hl;+;;;
se17;prun aviu slat;hl;+;;;
se17;pulm offi;hl;+;;;
se17;quer robu;hl;+;;;
se17;rham cath;hl;+;;;
se17;rosa arve;hl;1;;;
se17;sesl caer;hl;1;;;
se17;sorb aria;hl;1;;;
se17;sorb aucu aucu;hl;+;;;
se17;teuc cham;hl;+;;;
se17;trif medi medi;hl;+;;;
se17;tris flav flav;hl;r;;;
se17;vero cham cham;hl;+;;;
se17;vinc hiru;hl;1;;;
se17;amel oval;sl;+;;;
se17;corn mas;sl;3;;;
se17;crat laev laev;sl;2a;;;
se17;crat mono;sl;+;;;
se17;loni xylo;sl;+;;;
se17;rham cath;sl;+;;;
se17;sorb aria;sl;1;;;
se17;stap pinn;sl;r;;;
se17;vibu lant;sl;+;;;
se17;carp betu;tl1;1;;;
se17;frax exce;tl1;1;;;
se17;tili ﾃ要ul;tl1;2a;2014-0097;;
se17;acer camp;tl2;1;;;
se17;carp betu;tl2;3;;;
se17;quer robu;tl2;2b;;;
se18;acer plat;hl;+;;;
se18;arab aren;hl;+;;;
se18;asar euro cauc;hl;1;;;
se18;aspl ruta;hl;+;;;
se18;aspl tric quad;hl;+;;;
se18;brac sylv;hl;+;;;
se18;brom bene;hl;+;;;
se18;buph sali;hl;+;;;
se18;cala vari;hl;1;;;
se18;camp pers;hl;+;;;
se18;camp trac;hl;+;;;
se18;card defl viri;hl;r;;;
se18;care alba;hl;2b;;;
se18;care digi;hl;1;;;
se18;carp betu;hl;+;;;
se18;corn mas;hl;+;;;
se18;cycl purp;hl;+;;;
se18;dryo fili;hl;+;;;
se18;euon lati;hl;1;;;
se18;fagu sylv;hl;+;;;
se18;frax exce;hl;+;;;
se18;gali sylv;hl;+;;;
se18;gymn robe;hl;r;;;
se18;hede heli;hl;+;;;
se18;hell nige;hl;+;;;
se18;hepa nobi;hl;2m;;;
se18;lact mura;hl;+;;;
se18;loni alpi;hl;+;;;
se18;loni xylo;hl;+;;;
se18;meli nuta;hl;+;;;
se18;merc pere;hl;+;;;
se18;moeh musc;hl;+;;;
se18;oxal acet;hl;+;;;
se18;phyt spic;hl;+;;;
se18;pice abie;hl;+;;;
se18;poly acul;hl;+;;;
se18;pren purp;hl;+;;;
se18;pulm offi;hl;+;;;
se18;quer robu;hl;+;;;
se18;rubu idae;hl;+;;;
se18;sesl caer;hl;4;;;
se18;soli virg virg;hl;+;;;
se18;sorb aria;hl;+;;;
se18;taxu bacc;hl;+;;;
se18;tili plat;hl;+;;;
se18;vale trip;hl;+;;;
se18;vibu opul;hl;r;;;
se18;vinc hiru;hl;1;;;
se18;cten moll slat;ml;1;;;
se18;hylo sple;ml;2b;;;
se18;neck cris;ml;1;;;
se18;carp betu;sl;2a;;;
se18;corn mas;sl;1;;;
se18;cory avel;sl;1;;;
se18;euon lati;sl;+;;;
se18;sorb aria;sl;1;;;
se18;stap pinn;sl;r;;;
se18;tili plat;sl;2b;;;
se18;fagu sylv;tl1;2b;;;
se18;frax exce;tl1;1;;;
se18;lari deci deci;tl1;1;;;
se18;pice abie;tl1;1;;;
se18;tili plat;tl1;3;;;
se18;acer plat;tl2;1;;;
se18;carp betu;tl2;2a;;;
se18;frax exce;tl2;1;;;
se18;quer robu;tl2;2a;;;
se18;sorb aria;tl2;2a;;;
se18;taxu bacc;tl2;2a;;;
se18;tili ﾃ要ul;tl2;1;;;
se18;tili plat;tl2;2a;;;
se19;acer plat;hl;+;;;
se19;acer pseu;hl;+;;;
se19;amel oval;hl;+;;;
se19;brac sylv;hl;+;;;
se19;brom bene;hl;+;;;
se19;buph sali;hl;r;;;
se19;cala vari;hl;+;;;
se19;card enne;hl;1;;;
se19;care alba;hl;4;;;
se19;carp betu;hl;+;;;
se19;clem vita;hl;+;;;
se19;corn mas;hl;+;;;
se19;corn sang slat;hl;+;;;
se19;cory avel;hl;+;;;
se19;cycl purp;hl;1;;;
se19;daph laur;hl;r;;;
se19;dryo fili;hl;+;;;
se19;eric carn;hl;r;;;
se19;euon lati;hl;1;;;
se19;fagu sylv;hl;+;;;
se19;frax exce;hl;+;;;
se19;gali odor;hl;r;;;
se19;gali sylv;hl;+;;;
se19;hede heli;hl;+;;;
se19;hell nige;hl;+;;;
se19;hepa nobi;hl;1;;;
se19;hier muro;hl;+;;;
se19;lact mura;hl;+;;;
se19;loni alpi;hl;2b;;;
se19;loni xylo;hl;+;;;
se19;meli nuta;hl;+;;;
se19;merc pere;hl;1;;;
se19;poly mult;hl;+;;;
se19;poly vulg;hl;+;;;
se19;pren purp;hl;1;;;
se19;rosa arve;hl;+;;;
se19;rosa pend;hl;+;;;
se19;sesl caer;hl;2a;;;
se19;sorb aria;hl;+;;;
se19;stap pinn;hl;2b;;;
se19;tili plat;hl;+;;;
se19;ulmu glab;hl;+;;;
se19;vibu opul;hl;+;;;
se19;amel oval;sl;+;;;
se19;berb vulg;sl;+;;;
se19;carp betu;sl;1;;;
se19;corn mas;sl;1;;;
se19;cory avel;sl;2a;;;
se19;fagu sylv;sl;1;;;
se19;loni alpi;sl;+;;;
se19;loni xylo;sl;+;;;
se19;sorb aria;sl;1;;;
se19;stap pinn;sl;2b;;;
se19;fagu sylv;tl1;2b;;;
se19;lari deci deci;tl1;2b;;;
se19;tili plat;tl1;1;;;
se19;acer plat;tl2;1;;;
se19;carp betu;tl2;2b;;;
se19;fagu sylv;tl2;2b;;;
se19;sorb aria;tl2;2b;;;
se19;tili plat;tl2;2a;;;
se19;ulmu glab;tl2;2b;;;
se20;acer plat;hl;+;;;
se20;acer pseu;hl;+;;;
se20;aden alpi;hl;+;;;
se20;arab aren;hl;+;;;
se20;arun dioi;hl;r;;;
se20;asar euro cauc;hl;+;;;
se20;aspl ruta;hl;1;;;
se20;aspl scol scol;hl;1;;;
se20;aspl tric quad;hl;1;;;
se20;buph sali;hl;1;;;
se20;cala vari;hl;2a;;;
se20;card defl viri;hl;+;;;
se20;care brac;hl;+;;;
se20;care digi;hl;+;;;
se20;care flac;hl;+;;;
se20;carp betu;hl;r;;;
se20;clem vita;hl;+;;;
se20;cycl purp;hl;+;;;
se20;digi gran;hl;+;;;
se20;epip atro;hl;+;;;
se20;eric carn;hl;+;;;
se20;eupa cann;hl;+;;;
se20;frax exce;hl;+;;;
se20;gali anis;hl;+;;;
se20;gali luci;hl;+;;;
se20;gali sylv;hl;+;;;
se20;gera robe;hl;1;;;
se20;gymn robe;hl;1;;;
se20;hell nige;hl;+;;;
se20;hier bifi;hl;+;;;
se20;hylo maxi;hl;r;;;
se20;jugl regi;hl;+;;;
se20;lact mura;hl;+;;;
se20;merc pere;hl;+;;;
se20;moeh musc;hl;+;;;
se20;orig vulg;hl;+;;;
se20;pice abie;hl;+;;;
se20;poly acul;hl;+;;;
se20;quer robu;hl;+;;;
se20;sali appe;hl;+;;;
se20;sali capr;hl;+;;;
se20;sali elea elea;hl;+;;;
se20;samb race;hl;+;;;
se20;saxi pani;hl;r;;;
se20;sesl caer;hl;2a;;;
se20;tili plat;hl;+;;;
se20;ulmu glab;hl;+;;;
se20;vale trip;hl;+;;;
se20;vinc hiru;hl;+;;;
se20;cten moll slat;ml;2b;;;
se20;hylo sple;ml;2b;;;
se20;rhyt triq;ml;2a;;;
se20;tort tort;ml;+;;;
se20;acer pseu;sl;1;;;
se20;clem vita;sl;2b;;;
se20;cory avel;sl;1;;;
se20;frax exce;sl;1;;;
se20;jugl regi;sl;1;;;
se20;pice abie;sl;+;;;
se20;sali appe;sl;2a;;;
se20;sali capr;sl;2a;;;
se20;sali elea elea;sl;2a;;;
se20;tili plat;sl;1;;;
se20;ulmu glab;sl;1;;;
se20;acer pseu;tl2;2b;;;
se20;pice abie;tl2;2a;;;
se20;sali capr;tl2;1;;;
se20;tili plat;tl2;2b;;;
se21;abie alba;hl;+;;;
se21;acer pseu;hl;+;;;
se21;ajug rept;hl;+;;;
se21;asar euro euro;hl;1;;;
se21;aspl tric quad;hl;+;;;
se21;cala vari;hl;1;;;
se21;camp pers;hl;r;;;
se21;camp rapu rapu;hl;+;;;
se21;camp rotu;hl;+;;;
se21;card enne;hl;1;;;
se21;care alba;hl;4;;;
se21;care digi;hl;+;;;
se21;carp betu;hl;+;;;
se21;cirs eris;hl;+;;;
se21;corn mas;hl;+;;;
se21;corn sang slat;hl;+;;;
se21;cory avel;hl;+;;;
se21;cycl purp;hl;1;;;
se21;digi gran;hl;+;;;
se21;dryo fili;hl;+;;;
se21;eric carn;hl;+;;;
se21;euon lati;hl;1;;;
se21;fagu sylv;hl;+;;;
se21;frax exce;hl;+;;;
se21;gali anis;hl;r;;;
se21;gali sylv;hl;+;;;
se21;hell nige;hl;+;;;
se21;hepa nobi;hl;2m;;;
se21;lact mura;hl;+;;;
se21;loni alpi;hl;1;;;
se21;loni xylo;hl;+;;;
se21;meli nuta;hl;+;;;
se21;merc pere;hl;+;;;
se21;orig vulg;hl;+;;;
se21;poly acul;hl;+;;;
se21;pren purp;hl;+;;;
se21;quer robu;hl;+;;;
se21;rham cath;hl;+;;;
se21;sesl caer;hl;2a;;;
se21;soli virg virg;hl;+;;;
se21;stap pinn;hl;1;;;
se21;teuc cham;hl;r;;;
se21;tili plat;hl;+;;;
se21;ulmu glab;hl;+;;;
se21;vinc hiru;hl;1;;;
se21;carp betu;sl;1;;;
se21;corn mas;sl;2a;;;
se21;cory avel;sl;2b;;;
se21;euon lati;sl;+;;;
se21;fagu sylv;sl;2a;;;
se21;pice abie;sl;+;;;
se21;sorb aria;sl;2a;;;
se21;stap pinn;sl;1;;;
se21;abie alba;tl1;2b;;;
se21;fagu sylv;tl1;3;;;
se21;frax exce;tl1;2b;;;
se21;tili plat;tl1;2a;;;
se21;carp betu;tl2;2b;;;
se21;cory avel;tl2;1;;;
se21;fagu sylv;tl2;2b;;;
se21;frax exce;tl2;1;;;
se21;sorb aria;tl2;2a;;;
se21;tili plat;tl2;2a;;;
se22;acer plat;hl;+;;;
se22;acer pseu;hl;+;;;
se22;acta spic;hl;+;;;
se22;arab aren;hl;+;;;
se22;asar euro euro;hl;1;;;
se22;aspl scol scol;hl;+;;;
se22;camp pers;hl;r;;;
se22;card enne;hl;2b;;;
se22;care digi;hl;+;;;
se22;carp betu;hl;+;;;
se22;cycl purp;hl;+;;;
se22;dryo fili;hl;1;;;
se22;euon lati;hl;+;;;
se22;fagu sylv;hl;+;;;
se22;gale mont;hl;1;;;
se22;gali sylv;hl;+;;;
se22;gera robe;hl;+;;;
se22;hepa nobi;hl;1;;;
se22;moeh musc;hl;+;;;
se22;moeh trin;hl;+;;;
se22;pari quad;hl;+;;;
se22;poly acul;hl;+;;;
se22;poly mult;hl;+;;;
se22;rubu idae;hl;+;;;
se22;rubu sect rubu;hl;+;;;
se22;salv glut;hl;r;;;
se22;samb nigr;hl;+;;;
se22;stap pinn;hl;+;;;
se22;viol reic;hl;+;;;
se22;acer plat;sl;+;;;
se22;acer pseu;sl;+;;;
se22;carp betu;sl;1;;;
se22;cory avel;sl;+;;;
se22;fagu sylv;sl;1;;;
se22;samb nigr;sl;+;;;
se22;stap pinn;sl;1;;;
se22;tili plat;sl;+;;;
se22;acer plat;tl1;2a;;;
se22;acer pseu;tl1;2b;;;
se22;carp betu;tl1;2b;;;
se22;fagu sylv;tl1;3;;;
se22;tili plat;tl1;2b;;;
se22;carp betu;tl2;2b;;;
se22;clem vita;tl2;+;;;
se22;taxu bacc;tl2;2a;;;
se22;tili plat;tl2;1;;;
se23;acer plat;hl;+;;;
se23;acer pseu;hl;+;;;
se23;acta spic;hl;+;;;
se23;arab aren;hl;+;;;
se23;arun dioi;hl;2a;;;
se23;asar euro euro;hl;+;;;
se23;aspl scol scol;hl;2a;;;
se23;aspl tric quad;hl;+;;;
se23;brac sylv;hl;1;;;
se23;brom bene;hl;+;;;
se23;cala vari;hl;1;;;
se23;camp pers;hl;+;;;
se23;camp trac;hl;+;;;
se23;card bulb;hl;1;;;
se23;card impa;hl;+;;;
se23;care alba;hl;1;;;
se23;care digi;hl;+;;;
se23;cirs eris;hl;+;;;
se23;clem vita;hl;+;;;
se23;cycl purp;hl;+;;;
se23;cyst frag;hl;+;;;
se23;dryo fili;hl;1;;;
se23;epil mont;hl;+;;;
se23;euon lati;hl;+;;;
se23;frax exce;hl;+;;;
se23;gale mont;hl;+;;;
se23;gale spec iosa;hl;+;cf.;;
se23;gali sylv;hl;+;;;
se23;gera robe;hl;1;;;
se23;hede heli;hl;+;;;
se23;hepa nobi;hl;1;;;
se23;hier muro;hl;+;;;
se23;hype hirs;hl;+;;;
se23;lact mura;hl;+;;;
se23;luna redi;hl;+;;;
se23;meli nuta;hl;1;;;
se23;merc pere;hl;+;;;
se23;moeh musc;hl;1;;;
se23;phyt spic;hl;+;;;
se23;poly acul;hl;2a;;;
se23;poly mult;hl;+;;;
se23;poly vulg;hl;+;;;
se23;pren purp;hl;+;;;
se23;pulm offi;hl;+;;;
se23;rubu sect rubu;hl;+;;;
se23;salv glut;hl;+;;;
se23;samb nigr;hl;1;;;
se23;stac alpi;hl;+;;;
se23;stac sylv;hl;+;;;
se23;stap pinn;hl;2a;;;
se23;ulmu glab;hl;+;;;
se23;vero cham cham;hl;+;;;
se23;vero urti;hl;1;;;
se23;acer plat;sl;+;;;
se23;acer pseu;sl;+;;;
se23;cory avel;sl;2b;;;
se23;euon lati;sl;+;;;
se23;sali appe;sl;+;;;
se23;samb nigr;sl;1;;;
se23;stap pinn;sl;2a;;;
se23;taxu bacc;sl;1;;;
se23;ulmu glab;sl;+;;;
se23;acer pseu;tl1;3;;;
se23;carp betu;tl1;3;;;
se23;tili plat;tl1;2b;;;
se23;ulmu glab;tl1;2b;;;
se23;acer pseu;tl2;2a;;;
se23;carp betu;tl2;2b;;;
se23;fagu sylv;tl2;2b;;;
se23;frax exce;tl2;2a;;;
se23;taxu bacc;tl2;2a;;;
se23;tili plat;tl2;2b;;;
se23;ulmu glab;tl2;2b;;;
se24;anem nemo;hl;+;;;
se24;asar euro euro;hl;2a;;;
se24;aspl scol scol;hl;2a;;;
se24;aspl tric quad;hl;+;;;
se24;card bulb;hl;+;;;
se24;card impa;hl;+;;;
se24;circ lute lute;hl;+;;;
se24;clem vita;hl;+;;;
se24;cory avel;hl;1;;;
se24;dryo cart;hl;+;;;
se24;dryo dila;hl;+;;;
se24;dryo fili;hl;1;;;
se24;frax exce;hl;+;;;
se24;gale mont;hl;2a;;;
se24;gali odor;hl;+;;;
se24;loni xylo;hl;+;;;
se24;luna redi;hl;5;;;
se24;merc pere;hl;2a;;;
se24;moeh trin;hl;+;;;
se24;samb nigr;hl;+;;;
se24;sile dioi;hl;+;;;
se24;urti dioi dioi;hl;+;;;
se24;vero urti;hl;+;;;
se24;carp betu;sl;+;;;
se24;cory avel;sl;3;;;
se24;fagu sylv;sl;+;;;
se24;frax exce;sl;2a;;;
se24;loni xylo;sl;+;;;
se24;samb nigr;sl;2a;;;
se24;ulmu glab;sl;1;;;
se24;acer plat;tl1;2a;;;
se24;acer pseu;tl1;2a;;;
se24;fagu sylv;tl1;2b;;;
se24;tili plat;tl1;3;;;
se24;acer plat;tl2;1;;;
se24;carp betu;tl2;2b;;;
se24;cory avel;tl2;1;;;
se24;fagu sylv;tl2;1;;;
se24;ulmu glab;tl2;1;;;
se25;acer plat;hl;+;;;
se25;acer pseu;hl;+;;;
se25;aego poda;hl;+;;;
se25;anem nemo;hl;+;;;
se25;arun dioi;hl;1;;;
se25;asar euro euro;hl;1;;;
se25;aspl scol scol;hl;+;;;
se25;camp pers;hl;+;;;
se25;care alba;hl;+;;;
se25;care digi;hl;+;;;
se25;ceph dama;hl;1;;;
se25;clem vita;hl;+;;;
se25;corn sang slat;hl;+;;;
se25;cycl purp;hl;+;;;
se25;daph meze;hl;+;;;
se25;dryo fili;hl;1;;;
se25;euon lati;hl;+;;;
se25;frag vesc;hl;+;;;
se25;gale mont;hl;1;;;
se25;gali sylv;hl;+;;;
se25;gera robe;hl;+;;;
se25;hede heli;hl;+;;;
se25;hell nige;hl;+;;;
se25;hepa nobi;hl;+;;;
se25;lact mura;hl;1;;;
se25;loni xylo;hl;+;;;
se25;merc pere;hl;+;;;
se25;oxal acet;hl;+;;;
se25;phyt spic;hl;+;;;
se25;pice abie;hl;+;;;
se25;poly acul;hl;+;;;
se25;prim elat;hl;+;;;
se25;prun aviu slat;hl;+;;;
se25;samb nigr;hl;+;;;
se25;sile dioi;hl;+;;;
se25;tili plat;hl;+;;;
se25;ulmu glab;hl;+;;;
se25;carp betu;sl;1;;;
se25;fagu sylv;sl;1;;;
se25;tili plat;sl;+;;;
se25;acer plat;tl1;1;;;
se25;acer pseu;tl1;1;;;
se25;carp betu;tl1;2b;;;
se25;fagu sylv;tl1;2a;;;
se25;ulmu glab;tl1;1;;;
se25;carp betu;tl2;2b;;;
se25;cory avel;tl2;3;;;
se25;fagu sylv;tl2;1;;;
se25;frax exce;tl2;1;;;
se26;amel oval;hl;+;;;
se26;arab aren;hl;+;;;
se26;aspl ruta;hl;+;;;
se26;aspl tric slat;hl;+;;;
se26;cala vari;hl;+;;;
se26;camp pers;hl;+;;;
se26;care alba;hl;1;;;
se26;clin alpi alpi;hl;2b;;;
se26;corn mas;hl;+;;;
se26;dian cart cart;hl;1;;;
se26;erys sylv;hl;+;;;
se26;euph cypa;hl;+;;;
se26;fest pall;hl;2b;;;
se26;frax exce;hl;r;;;
se26;gali luci;hl;+;;;
se26;hier spec ies;hl;+;missing;;
se26;hype perf;hl;+;;;
se26;leon inca;hl;+;;;
se26;meli cili;hl;2b;;;
se26;orig vulg;hl;+;;;
se26;orob spec ies;hl;+;missing;;
se26;poa comp;hl;1;;;
se26;quer robu;hl;+;;;
se26;rham cath;hl;+;;;
se26;sese aust;hl;3;;;
se26;sesl caer;hl;+;;;
se26;sile nuta nuta;hl;1;;;
se26;teuc cham;hl;2b;;;
se26;vinc hiru;hl;+;;;
se26;amel oval;sl;2a;;;
se26;corn mas;sl;+;;;
se26;taxu bacc;sl;1;;;
se27;acer plat;hl;+;;;
se27;ajug rept;hl;+;;;
se27;amel oval;hl;+;;;
se27;arab aren;hl;+;;;
se27;aspl ruta;hl;+;;;
se27;aspl tric pach;hl;r;missing;;
se27;aspl tric quad;hl;+;;;
se27;cala vari;hl;1;;;
se27;camp pers;hl;2m;;;
se27;card defl viri;hl;+;;;
se27;care alba;hl;3;;;
se27;care digi;hl;+;;;
se27;clem vita;hl;+;;;
se27;clin alpi alpi;hl;+;;;
se27;cycl purp;hl;+;;;
se27;digi gran;hl;1;;;
se27;dryo fili;hl;+;;;
se27;erys sylv;hl;r;;;
se27;euon lati;hl;+;;;
se27;frag mosc;hl;+;;;
se27;frag vesc;hl;+;;;
se27;frax exce;hl;2a;;;
se27;gali luci;hl;+;;;
se27;gali odor;hl;+;;;
se27;gali sylv;hl;+;;;
se27;hepa nobi;hl;1;;;
se27;hier muro;hl;+;;;
se27;hylo maxi;hl;+;;;
se27;hype perf;hl;+;;;
se27;inul cony;hl;+;;;
se27;lact mura;hl;+;;;
se27;merc pere;hl;+;;;
se27;moeh musc;hl;+;;;
se27;orch masc spec;hl;+;;;
se27;orig vulg;hl;+;;;
se27;poa angu;hl;+;;;
se27;poa nemo;hl;+;;;
se27;quer robu;hl;+;;;
se27;rham cath;hl;+;;;
se27;rosa arve;hl;+;;;
se27;salv glut;hl;+;;;
se27;sesl caer;hl;+;;;
se27;sile nuta nuta;hl;+;;;
se27;sorb aria;hl;+;;;
se27;sorb aucu aucu;hl;+;;;
se27;tara sect rude;hl;r;;;
se27;teuc cham;hl;+;;;
se27;tili plat;hl;+;;;
se27;vinc hiru;hl;2a;;;
se27;acer plat;sl;+;;;
se27;carp betu;sl;1;;;
se27;cory avel;sl;2a;;;
se27;sorb aria;sl;2a;;;
se27;tili plat;sl;+;;;
se27;acer plat;tl1;2b;;;
se27;carp betu;tl1;2a;;;
se27;tili plat;tl1;2b;;;
se27;carp betu;tl2;3;;;
se27;fagu sylv;tl2;1;;;
se27;frax exce;tl2;1;;;
se27;quer robu;tl2;1;;;
se27;sorb aria;tl2;2a;;;
se28;arab aren;hl;+;;;
se28;aspl ruta;hl;+;;;
se28;aspl tric quad;hl;+;;;
se28;buph sali;hl;+;;;
se28;camp pers;hl;+;;;
se28;camp rotu;hl;+;;;
se28;card defl viri;hl;+;;;
se28;care alba;hl;2a;;;
se28;corn sang slat;hl;+;;;
se28;cory avel;hl;+;;;
se28;cycl purp;hl;+;;;
se28;daph laur;hl;+;;;
se28;digi gran;hl;+;;;
se28;epip atro;hl;+;;;
se28;euon lati;hl;+;;;
se28;euph cypa;hl;+;;;
se28;fagu sylv;hl;+;;;
se28;frag vesc;hl;+;;;
se28;frax exce;hl;+;;;
se28;gali luci;hl;r;;;
se28;gera robe;hl;+;;;
se28;hepa nobi;hl;+;;;
se28;hier bifi;hl;+;;;
se28;hype perf;hl;+;;;
se28;loni xylo;hl;+;;;
se28;merc pere;hl;+;;;
se28;moeh musc;hl;+;;;
se28;orig vulg;hl;+;;;
se28;poly acul;hl;+;;;
se28;poly cham;hl;+;;;
se28;poly vulg;hl;+;;;
se28;quer robu;hl;+;;;
se28;rham cath;hl;+;;;
se28;rosa pend;hl;+;;;
se28;rubu idae;hl;+;;;
se28;sesl caer;hl;1;;;
se28;soli virg virg;hl;+;;;
se28;sorb aria;hl;+;;;
se28;sorb aucu aucu;hl;+;;;
se28;stap pinn;hl;r;;;
se28;thym prae poly;hl;+;;;
se28;tili plat;hl;+;;;
se28;vinc hiru;hl;+;;;
se28;berb vulg;sl;+;;;
se28;corn mas;sl;1;;;
se28;corn sang slat;sl;+;;;
se28;cory avel;sl;1;;;
se28;fagu sylv;sl;+;;;
se28;loni xylo;sl;+;;;
se28;pice abie;sl;+;;;
se28;rosa cani;sl;+;;;
se28;rosa pend;sl;+;;;
se28;sorb aria;sl;+;;;
se28;taxu bacc;sl;1;;;
se28;tili plat;sl;2a;;;
se28;tili plat;tl1;4;;;
se28;fagu sylv;tl2;2a;;;
se28;frax exce;tl2;1;;;
se28;sorb aria;tl2;2b;;;
se28;taxu bacc;tl2;2b;;;
se28;tili plat;tl2;2a;;;
se29;acer pseu;hl;r;;;
se29;achi clav;hl;+;;;
se29;alli lusi;hl;+;;;
se29;anth ramo;hl;+;;;
se29;arab aren;hl;+;;;
se29;aspl ruta;hl;+;;;
se29;aspl tric quad;hl;+;2014-0361;;
se29;brac sylv;hl;+;;;
se29;buph sali;hl;+;;;
se29;cala vari;hl;1;;;
se29;camp coch;hl;+;;;
se29;camp pers;hl;+;;;
se29;camp trac;hl;+;;;
se29;card defl viri;hl;1;;;
se29;care alba;hl;+;;;
se29;care humi;hl;2b;;;
se29;carl acau acau;hl;+;2014-0359;;
se29;clem vita;hl;+;;;
se29;clin alpi alpi;hl;+;;;
se29;corn sang slat;hl;+;;;
se29;cory avel;hl;+;;;
se29;cycl purp;hl;1;;;
se29;dian cart cart;hl;+;;;
se29;digi gran;hl;+;;;
se29;erys sylv;hl;+;;;
se29;eupa cann;hl;r;;;
se29;euph amyg amyg;hl;+;;;
se29;euph cypa;hl;1;;;
se29;fest pall;hl;+;;;
se29;frag vesc;hl;+;;;
se29;frax exce;hl;+;;;
se29;gale mont;hl;+;;;
se29;gali luci;hl;+;;;
se29;gali odor;hl;+;;;
se29;gali trun;hl;+;;;
se29;glob cord;hl;+;;;
se29;hell nige;hl;1;;;
se29;hier bupl;hl;r;;;
se29;hipp como;hl;+;;;
se29;hipp emer emer;hl;+;;;
se29;hype perf;hl;+;;;
se29;knau arve slat fels;hl;1;2014-0360;;
se29;kern saxa;hl;+;;;
se29;lact mura;hl;+;;;
se29;lase lati lati;hl;+;;;
se29;meli cili;hl;+;;;
se29;moeh musc;hl;+;;;
se29;orig vulg;hl;+;;;
se29;poly cham;hl;+;;;
se29;pote caul;hl;+;;;
se29;rham cath;hl;+;;;
se29;rosa cani;hl;+;;;
se29;rubu sect rubu;hl;+;R. ser. Glandulosa;;
se29;salv glut;hl;+;;;
se29;samb nigr;hl;+;;;
se29;sene abro abro;hl;r;;;
se29;sese aust;hl;+;;;
se29;sesl caer;hl;2a;;;
se29;sile nuta nuta;hl;+;;;
se29;sorb aria;hl;+;;;
se29;taxu bacc;hl;+;;;
se29;teuc cham;hl;+;;;
se29;teuc mont;hl;1;;;
se29;thal minu slat;hl;+;;;
se29;vinc hiru;hl;+;;;
se29;cten moll slat;ml;+;;;
se29;neck cris;ml;+;;;
se29;tort tort;ml;+;;;
se29;amel oval;sl;1;;;
se29;corn sang slat;sl;+;;;
se29;cory avel;sl;2b;;;
se29;frax exce;sl;+;;;
se29;rham cath;sl;+;;;
se29;sorb aria;sl;2a;;;
se29;taxu bacc;sl;+;;;
se29;tili cord;sl;+;;;
se29;acer pseu;tl1;2a;;;
se29;frax exce;tl1;2a;;;
se29;pice abie;tl1;2a;;;
se29;acer pseu;tl2;2b;;;
se29;frax exce;tl2;1;;;
se29;sorb aria;tl2;2b;2014-0358;;
se29;sorb aucu aucu;tl2;1;;;
se29;taxu bacc;tl2;2a;;;
se29;tili cord;tl2;2a;;;
se30;anth ramo;hl;+;;;
se30;brac sylv;hl;+;;;
se30;cala vari;hl;+;;;
se30;card defl viri;hl;+;;;
se30;care humi;hl;+;;;
se30;clem vita;hl;1;;;
se30;clin alpi alpi;hl;+;;;
se30;cycl purp;hl;2a;;;
se30;daph meze;hl;+;;;
se30;dian cart cart;hl;+;;;
se30;eupa cann;hl;r;;;
se30;gale angu;hl;+;;;
se30;gale flav;hl;+;;;
se30;gali albu;hl;+;;;
se30;gali anis;hl;+;;;
se30;gali luci;hl;+;;;
se30;gali odor;hl;+;;;
se30;gali trun;hl;1;;;
se30;gera robe;hl;+;;;
se30;hell nige;hl;2b;;;
se30;hype perf;hl;+;;;
se30;lact mura;hl;+;;;
se30;meli nuta;hl;+;;;
se30;moeh musc;hl;+;;;
se30;orig vulg;hl;+;;;
se30;pimp majo majo;hl;+;;;
se30;rume scut;hl;r;;;
se30;salv glut;hl;1;;;
se30;sedu albu;hl;+;;;
se30;sene ovat ovat;hl;+;;;
se30;teuc cham;hl;+;;;
se30;vinc hiru;hl;1;;;
se30;clem vita;sl;+;;;
se30;cory avel;sl;2b;;;
se30;pice abie;sl;1;;;
se30;sorb aria;sl;+;;;
se30;acer pseu;tl1;3;;;
se30;frax exce;tl1;2b;;;
se30;acer pseu;tl2;1;;;
se30;pice abie;tl2;2b;;;
se30;sorb aria;tl2;2b;2014-0362;;
se31;acer pseu;hl;+;;;
se31;achi clav;hl;r;;;
se31;arab aren;hl;+;;;
se31;aspl ruta;hl;+;;;
se31;aspl tric quad;hl;+;;;
se31;buph sali;hl;+;;;
se31;cala vari;hl;+;;;
se31;camp coch;hl;+;;;
se31;camp pers;hl;+;;;
se31;camp rotu aggr;hl;+;cf. C. Scheuchzeri;;
se31;card defl viri;hl;+;;;
se31;care humi;hl;3;;;
se31;cycl purp;hl;1;;;
se31;epip atro;hl;r;;;
se31;erys sylv;hl;+;;;
se31;euph cypa;hl;+;;;
se31;euph sali;hl;+;;;
se31;gali anis;hl;+;;;
se31;gali luci;hl;+;;;
se31;gali trun;hl;+;;;
se31;glob cord;hl;+;;;
se31;hell nige;hl;2a;;;
se31;hier bifi;hl;+;;;
se31;hier muro;hl;r;;;
se31;hipp como;hl;+;;;
se31;kern saxa;hl;r;;;
se31;knau arve slat fels;hl;+;;;
se31;meli cili;hl;+;;;
se31;moeh cili;hl;+;;;
se31;phyt orbi;hl;+;;;
se31;pice abie;hl;+;;;
se31;poly cham;hl;+;;;
se31;sene ovat ovat;hl;+;;;
se31;sesl caer;hl;1;;;
se31;teuc cham;hl;+;;;
se31;teuc mont;hl;+;;;
se31;vinc hiru;hl;+;;;
se31;pice abie;sl;+;;;
se31;sorb aria;sl;1;;;
se31;taxu bacc;sl;1;;;
se31;fagu sylv;tl1;2b;;;
se31;frax exce;tl1;2a;;;
se31;acer pseu;tl2;1;;;
se31;fagu sylv;tl2;3;;;
se31;pice abie;tl2;1;;;
se31;sorb aria;tl2;2a;;;
se32;acer pseu;hl;+;;;
se32;acon lyco vulp;hl;+;;;
se32;arab aren;hl;+;;;
se32;aspl ruta;hl;+;;;
se32;brac sylv;hl;+;;;
se32;buph sali;hl;+;;;
se32;cala vari;hl;+;;;
se32;card defl viri;hl;+;;;
se32;card impa;hl;+;;;
se32;care humi;hl;+;;;
se32;cirs eris;hl;+;;;
se32;clem vita;hl;+;;;
se32;clin alpi alpi;hl;r;;;
se32;cory avel;hl;+;;;
se32;cycl purp;hl;2a;;;
se32;erys sylv;hl;r;;;
se32;eupa cann;hl;1;;;
se32;euph amyg amyg;hl;2a;;;
se32;euph cypa;hl;+;;;
se32;fest pall;hl;r;;;
se32;gale flav;hl;+;cf.;;
se32;gali luci;hl;+;;;
se32;gali trun;hl;+;;;
se32;gera robe;hl;+;;;
se32;hell nige;hl;1;;;
se32;lact mura;hl;1;;;
se32;meli cili;hl;r;;;
se32;merc pere;hl;+;;;
se32;moeh musc;hl;1;;;
se32;orig vulg;hl;1;;;
se32;pice abie;hl;+;;;
se32;ranu nemo;hl;+;;;
se32;salv glut;hl;2b;;;
se32;sedu albu;hl;+;;;
se32;sene ovat ovat;hl;+;;;
se32;teuc cham;hl;+;;;
se32;urti dioi dioi;hl;+;;;
se32;verb chai aust;hl;+;;;
se32;vinc hiru;hl;1;;;
se32;cten moll slat;ml;+;;;
se32;pice abie;sl;+;;;
se32;acer pseu;tl1;2b;;;
se32;frax exce;tl1;3;;;
se32;pice abie;tl1;2a;;;
se32;acer pseu;tl2;2a;;;
se32;pice abie;tl2;1;;;
se33;arab aren;hl;+;;;
se33;asar euro cauc;hl;+;;;
se33;asar euro euro;hl;r;;;
se33;aspl ruta;hl;+;;;
se33;aspl tric quad;hl;+;;;
se33;brac sylv;hl;+;;;
se33;buph sali;hl;1;;;
se33;cala vari;hl;+;;;
se33;camp coch;hl;+;;;
se33;camp pers;hl;+;;;
se33;camp trac;hl;+;;;
se33;card defl viri;hl;2a;;;
se33;care digi;hl;+;;;
se33;clem vita;hl;+;;;
se33;clin alpi alpi;hl;+;;;
se33;clin vulg vulg;hl;+;;;
se33;cycl purp;hl;1;;;
se33;dian cart cart;hl;+;;;
se33;erys sylv;hl;+;;;
se33;eupa cann;hl;+;;;
se33;fest pall;hl;+;;;
se33;gale mont;hl;+;;;
se33;gali luci;hl;+;;;
se33;gera robe;hl;+;;;
se33;glob cord;hl;r;;;
se33;hede heli;hl;+;;;
se33;hell nige;hl;+;;;
se33;hipp como;hl;+;;;
se33;hipp emer emer;hl;+;;;
se33;hylo maxi;hl;+;;;
se33;inul cony;hl;+;;;
se33;lact mura;hl;+;;;
se33;meli cili;hl;1;;;
se33;moeh musc;hl;2a;;;
se33;orig vulg;hl;+;;;
se33;poa comp;hl;+;;;
se33;pote caul;hl;+;;;
se33;pulm offi;hl;+;;;
se33;salv glut;hl;2a;;;
se33;sedu albu;hl;+;;;
se33;sesl caer;hl;1;;;
se33;soli virg virg;hl;+;;;
se33;teuc mont;hl;+;;;
se33;vinc hiru;hl;1;;;
se33;amel oval;sl;1;;;
se33;berb vulg;sl;+;;;
se33;cory avel;sl;1;;;
se33;frax exce;sl;+;;;
se33;hede heli;sl;+;;;
se33;rham cath;sl;+;;;
se33;rosa pend;sl;+;;;
se33;samb nigr;sl;+;;;
se33;sorb aria;sl;+;;;
se33;tili plat;sl;2a;;;
se33;ulmu glab;sl;1;;;
se33;tili plat;tl1;2b;;;
se33;acer plat;tl2;1;;;
se33;frax exce;tl2;2b;;;
se33;sorb aria;tl2;2a;;;
se33;taxu bacc;tl2;2a;;;
se33;tili plat;tl2;1;;;
se33;ulmu glab;tl2;+;;;
