"plot";"abbr";"layer";"cov";"comment";"determined";"history"
"Niklfeld:1979:IX:9";"glob cord";"hl";"+";;;
"Niklfeld:1979:IX:9";"teuc mont";"hl";"1";;;
"Niklfeld:1979:IX:9";"heli canu";"hl";"1";;;
"Niklfeld:1979:IX:9";"euph saxa";"hl";"+";;;
"Niklfeld:1979:IX:9";"amel oval";"hl";"+";;;
"Niklfeld:1979:IX:9";"sese aust";"hl";"+";;;
"Niklfeld:1979:IX:9";"jovi glob hirt";"hl";"+";;;
"Niklfeld:1979:IX:9";"anth ramo";"hl";"1";;;
"Niklfeld:1979:IX:9";"sesl caer";"hl";"1";;;
"Niklfeld:1979:IX:9";"thym prae poly";"hl";"2";;"cf.";
"Niklfeld:1979:IX:9";"aspe cyna";"hl";"+";;;
"Niklfeld:1979:IX:10";"lase sile sile";"hl";"+";;;
"Niklfeld:1979:IX:10";"glob cord";"hl";"2";;;
"Niklfeld:1979:IX:10";"teuc mont";"hl";"1";;;
"Niklfeld:1979:IX:10";"heli canu";"hl";"+";;;
"Niklfeld:1979:IX:10";"euph saxa";"hl";"+";;;
"Niklfeld:1979:IX:10";"onos visi";"hl";"+";;;
"Niklfeld:1979:IX:10";"hier bupl";"hl";"+";;"cf.";
"Niklfeld:1979:IX:10";"thal minu slat";"hl";"1";;;
"Niklfeld:1979:IX:10";"sese aust";"hl";"+";;;
"Niklfeld:1979:IX:10";"jovi glob hirt";"hl";"1";;;
"Niklfeld:1979:IX:10";"anth ramo";"hl";"+";;;
"Niklfeld:1979:IX:10";"sesl caer";"hl";"+";;;
"Niklfeld:1979:IX:10";"thym prae poly";"hl";"+";;"cf.";
"Niklfeld:1979:IX:10";"alli lusi";"hl";"1";;;
"Niklfeld:1979:IX:10";"vinc hiru";"hl";"1";;;
"Niklfeld:1979:IX:10";"aspe cyna";"hl";"+";;;
"Niklfeld:1964";"glob cord";"hl";"2";;;
"Niklfeld:1964";"teuc mont";"hl";"2";;;
"Niklfeld:1964";"sese aust";"hl";"1";;;
"Niklfeld:1964";"lase sile sile";"hl";"2";;;
"Niklfeld:1964";"card cras glau";"hl";"+";;;
"Niklfeld:1964";"jovi glob hirt";"hl";"1";;;
"Niklfeld:1964";"euph sali";"hl";"+";;;
"Niklfeld:1964";"care humi";"hl";"1";;;
"Niklfeld:1964";"meli cili";"hl";"1";;;
"Niklfeld:1964";"gali luci";"hl";"2";;;
"Niklfeld:1964";"heli numm obsc";"hl";"2";;;
"Niklfeld:1964";"thym prae poly";"hl";"2";;"cf.";
"Niklfeld:1964";"vinc hiru";"hl";"2";;;
"Niklfeld:1964";"dory germ";"hl";"1";;;
"Niklfeld:1964";"sedu albu";"hl";"1";;;
"Niklfeld:1964";"puls gran";"hl";"1";;;
"Niklfeld:1964";"stac rect rect";"hl";"1";;;
"Niklfeld:1964";"alli lusi";"hl";"1";;;
"Niklfeld:1964";"poly odor";"hl";"1";;;
"Niklfeld:1964";"sang mino mino";"hl";"1";;;
"Niklfeld:1964";"gera sang";"hl";"1";;;
"Niklfeld:1964";"lina geni";"hl";"1";;;
"Niklfeld:1964";"teuc cham";"hl";"1";;;
"Niklfeld:1964";"orig vulg";"hl";"1";;;
"Niklfeld:1964";"scab ochr";"hl";"1";;;
"Niklfeld:1964";"bupl falc falc";"hl";"1";;;
"Niklfeld:1964";"verb chai aust";"hl";"1";;"cf.";
"Niklfeld:1964";"aspe cyna";"hl";"1";;;
"Niklfeld:1964";"coro coro";"hl";"+";;;
"Niklfeld:1964";"anth ramo";"hl";"+";;;
"Niklfeld:1964";"euph cypa";"hl";"+";;;
"Niklfeld:1964";"thal minu slat";"hl";"+";;;
"Niklfeld:1964";"gent ascl";"hl";"+";;;
"Niklfeld:1964";"aspl ruta";"hl";"+";;;
"Niklfeld:1964";"brac pinn";"hl";"+";;;
"Niklfeld:1964";"geni pilo";"hl";"+";;;
"Niklfeld:1964";"hype perf";"hl";"r";;"cf.";
"Niklfeld:1964";"tort tort";"ml";"2";;;
"Niklfeld:1964";"tort rura";"ml";"1";;;
"Niklfeld:1964";"dian cart cart";"hl";"+";;"cf.";
"Niklfeld:1979:IX:11";"teuc mont";"hl";"1";;;
"Niklfeld:1979:IX:11";"gent cili";"hl";"1";;;
"Niklfeld:1979:IX:11";"peta para";"hl";"2";;;
"Niklfeld:1979:IX:11";"moli caer";"hl";"1";;;
"Niklfeld:1979:IX:11";"linu cath";"hl";"+";;;
"Niklfeld:1979:IX:11";"scab luci luci";"hl";"+";;;
"Niklfeld:1979:IX:11";"cala vari";"hl";"2";;;
"Niklfeld:1979:IX:11";"eric carn";"hl";"2";;;
"Niklfeld:1979:IX:11";"rhin glac";"hl";"2";;;
"Niklfeld:1979:IX:11";"beto alop";"hl";"2";;;
"Niklfeld:1979:IX:11";"gali anis";"hl";"+";;;
"Niklfeld:1979:IX:11";"lase lati slat";"hl";"1";;;
"Niklfeld:1979:IX:11";"hipp como";"hl";"+";;;
"Niklfeld:1979:IX:11";"buph sali";"hl";"+";;;
"Niklfeld:1979:IX:11";"poly cham";"hl";"+";;;
"Niklfeld:1979:IX:11";"clin alpi alpi";"hl";"1";;;
"Niklfeld:1979:IX:11";"card cras glau";"hl";"1";;;
"Niklfeld:1979:IX:11";"sedu albu";"hl";"+";;;
"Niklfeld:1979:IX:11";"poly odor";"hl";"+";;;
"Niklfeld:1979:IX:11";"thym prae poly";"hl";"2";;"cf.";
"Niklfeld:1979:IX:11";"vinc hiru";"hl";"+";;;
"Niklfeld:1979:IX:11";"camp rotu aggr";"hl";"+";;;
"Niklfeld:1979:IX:11";"teuc cham";"hl";"+";;;
"Niklfeld:1979:IX:11";"lotu corn";"hl";"+";;;
"Niklfeld:1979:IX:11";"viol hirt";"hl";"+";;;
"Niklfeld:1979:IX:12";"care orni";"hl";"+";;"cf.";
"Niklfeld:1979:IX:12";"lase sile sile";"hl";"1";;;
"Niklfeld:1979:IX:12";"glob cord";"hl";"1";;;
"Niklfeld:1979:IX:12";"teuc mont";"hl";"+";;;
"Niklfeld:1979:IX:12";"euph sali";"hl";"1";;;
"Niklfeld:1979:IX:12";"scab luci luci";"hl";"+";;;
"Niklfeld:1979:IX:12";"cala vari";"hl";"+";;;
"Niklfeld:1979:IX:12";"eric carn";"hl";"1";;;
"Niklfeld:1979:IX:12";"rhin glac";"hl";"2";;;
"Niklfeld:1979:IX:12";"beto alop";"hl";"+";;;
"Niklfeld:1979:IX:12";"gali anis";"hl";"+";;;
"Niklfeld:1979:IX:12";"lase lati slat";"hl";"+";;;
"Niklfeld:1979:IX:12";"rham pumi";"hl";"+";;;
"Niklfeld:1979:IX:12";"camp coch";"hl";"+";;;
"Niklfeld:1979:IX:12";"mela sylv";"hl";"+";;;
"Niklfeld:1979:IX:12";"buph sali";"hl";"+";;;
"Niklfeld:1979:IX:12";"kern saxa";"hl";"+";;;
"Niklfeld:1979:IX:12";"aspl tric quad";"hl";"+";;"cf.";
"Niklfeld:1979:IX:12";"poly cham";"hl";"+";;;
"Niklfeld:1979:IX:12";"clin alpi alpi";"hl";"1";;;
"Niklfeld:1979:IX:12";"card cras glau";"hl";"+";;;
"Niklfeld:1979:IX:12";"rham saxa saxa";"hl";"+";;;
"Niklfeld:1979:IX:12";"sese aust";"hl";"+";;;
"Niklfeld:1979:IX:12";"jovi glob hirt";"hl";"+";;;
"Niklfeld:1979:IX:12";"poly odor";"hl";"+";;;
"Niklfeld:1979:IX:12";"anth ramo";"hl";"1";;;
"Niklfeld:1979:IX:12";"sesl caer";"hl";"1";;;
"Niklfeld:1979:IX:12";"thym prae poly";"hl";"+";;"cf.";
"Niklfeld:1979:IX:12";"euph cypa";"hl";"+";;;
"Niklfeld:1979:IX:12";"alli lusi";"hl";"+";;;
"Niklfeld:1979:IX:13";"care mucr";"hl";"1";;;
"Niklfeld:1979:IX:13";"lase sile sile";"hl";"2";;;
"Niklfeld:1979:IX:13";"glob cord";"hl";"1";;;
"Niklfeld:1979:IX:13";"teuc mont";"hl";"1";;;
"Niklfeld:1979:IX:13";"euph sali";"hl";"1";;;
"Niklfeld:1979:IX:13";"rhin glac";"hl";"1";;;
"Niklfeld:1979:IX:13";"beto alop";"hl";"1";;;
"Niklfeld:1979:IX:13";"gali trun";"hl";"+";;;
"Niklfeld:1979:IX:13";"buph sali";"hl";"+";;;
"Niklfeld:1979:IX:13";"amel oval";"hl";"+";;;
"Niklfeld:1979:IX:13";"aspl ruta";"hl";"+";;;
"Niklfeld:1979:IX:13";"clin alpi alpi";"hl";"+";;;
"Niklfeld:1979:IX:13";"rham saxa saxa";"hl";"+";;;
"Niklfeld:1979:IX:13";"sese aust";"hl";"1";;;
"Niklfeld:1979:IX:13";"jovi glob hirt";"hl";"1";;;
"Niklfeld:1979:IX:13";"poly odor";"hl";"+";;;
"Niklfeld:1979:IX:13";"anth ramo";"hl";"2";;;
"Niklfeld:1979:IX:13";"sesl caer";"hl";"2";;;
"Niklfeld:1979:IX:13";"thym prae poly";"hl";"+";;;
"Niklfeld:1979:IX:13";"euph cypa";"hl";"+";;;
"Niklfeld:1979:IX:13";"alli lusi";"hl";"2";;;
"Niklfeld:1979:IX:14";"glob cord";"hl";"+";;;
"Niklfeld:1979:IX:14";"teuc mont";"hl";"1";;;
"Niklfeld:1979:IX:14";"eric carn";"hl";"+";;;
"Niklfeld:1979:IX:14";"rhin glac";"hl";"+";;;
"Niklfeld:1979:IX:14";"beto alop";"hl";"1";;;
"Niklfeld:1979:IX:14";"hipp como";"hl";"+";;;
"Niklfeld:1979:IX:14";"poly amar brac";"hl";"+";;;
"Niklfeld:1979:IX:14";"buph sali";"hl";"+";;;
"Niklfeld:1979:IX:14";"amel oval";"hl";"2";;;
"Niklfeld:1979:IX:14";"kern saxa";"hl";"+";;;
"Niklfeld:1979:IX:14";"aspl ruta";"hl";"1";;;
"Niklfeld:1979:IX:14";"clin alpi alpi";"hl";"1";;;
"Niklfeld:1979:IX:14";"thal minu slat";"hl";"2";;;
"Niklfeld:1979:IX:14";"knau arve slat";"hl";"1";;;
"Niklfeld:1979:IX:14";"sese aust";"hl";"1";;;
"Niklfeld:1979:IX:14";"jovi glob hirt";"hl";"1";;;
"Niklfeld:1979:IX:14";"sedu albu";"hl";"2";;;
"Niklfeld:1979:IX:14";"poly odor";"hl";"2";;;
"Niklfeld:1979:IX:14";"anth ramo";"hl";"2";;;
"Niklfeld:1979:IX:14";"erys sylv";"hl";"1";;;
"Niklfeld:1979:IX:14";"sesl caer";"hl";"1";;;
"Niklfeld:1979:IX:14";"care humi";"hl";"3";;;
"Niklfeld:1979:IX:14";"thym prae poly";"hl";"1";;"cf.";
"Niklfeld:1979:IX:14";"euph cypa";"hl";"1";;;
"Niklfeld:1979:IX:14";"alli lusi";"hl";"2";;;
"Niklfeld:1979:IX:14";"vinc hiru";"hl";"2";;;
"Niklfeld:1979:IX:14";"sang mino mino";"hl";"+";;;
"Niklfeld:1979:IX:14";"heli numm obsc";"hl";"1";;;
"Niklfeld:1979:IX:14";"teuc cham";"hl";"2";;;
"Niklfeld:1979:IX:14";"cent scab slat";"hl";"1";;;
"Niklfeld:1979:IX:14";"gali luci";"hl";"2";;;
"Niklfeld:1979:IX:14";"viol hirt";"hl";"+";;"cf.";
"Niklfeld:1979:IX:15";"gyps repe";"hl";"+";;;
"Niklfeld:1979:IX:15";"glob cord";"hl";"2";;;
"Niklfeld:1979:IX:15";"teuc mont";"hl";"2";;;
"Niklfeld:1979:IX:15";"beto alop";"hl";"+";;;
"Niklfeld:1979:IX:15";"gali anis";"hl";"+";;;
"Niklfeld:1979:IX:15";"lase lati slat";"hl";"+";;;
"Niklfeld:1979:IX:15";"buph sali";"hl";"+";;;
"Niklfeld:1979:IX:15";"amel oval";"hl";"1";;;
"Niklfeld:1979:IX:15";"kern saxa";"hl";"+";;;
"Niklfeld:1979:IX:15";"aspl ruta";"hl";"1";;;
"Niklfeld:1979:IX:15";"clin alpi alpi";"hl";"+";;;
"Niklfeld:1979:IX:15";"thal minu slat";"hl";"2";;;
"Niklfeld:1979:IX:15";"knau arve slat";"hl";"+";;;
"Niklfeld:1979:IX:15";"fest vers pall";"hl";"+";;;
"Niklfeld:1979:IX:15";"card cras glau";"hl";"+";;;
"Niklfeld:1979:IX:15";"rham saxa saxa";"hl";"+";;;
"Niklfeld:1979:IX:15";"sese aust";"hl";"2";;;
"Niklfeld:1979:IX:15";"jovi glob hirt";"hl";"1";;;
"Niklfeld:1979:IX:15";"sedu albu";"hl";"1";;;
"Niklfeld:1979:IX:15";"poly odor";"hl";"+";;;
"Niklfeld:1979:IX:15";"anth ramo";"hl";"2";;;
"Niklfeld:1979:IX:15";"erys sylv";"hl";"1";;;
"Niklfeld:1979:IX:15";"sesl caer";"hl";"+";;;
"Niklfeld:1979:IX:15";"care humi";"hl";"3";;;
"Niklfeld:1979:IX:15";"thym prae poly";"hl";"1";;;
"Niklfeld:1979:IX:15";"euph cypa";"hl";"+";;;
"Niklfeld:1979:IX:15";"alli lusi";"hl";"+";;;
"Niklfeld:1979:IX:15";"vinc hiru";"hl";"1";;;
"Niklfeld:1979:IX:15";"anth vuln poly";"hl";"+";;"cf.";
"Niklfeld:1979:IX:15";"heli numm obsc";"hl";"1";;;
"Niklfeld:1979:IX:15";"teuc cham";"hl";"1";;;
"Niklfeld:1979:IX:15";"gali luci";"hl";"+";;;
"Niklfeld:1979:IX:15";"berb vulg";"hl";"+";;;
"Niklfeld:1979:IX:16";"care mucr";"hl";"1";;;
"Niklfeld:1979:IX:16";"glob cord";"hl";"2";;;
"Niklfeld:1979:IX:16";"teuc mont";"hl";"1";;;
"Niklfeld:1979:IX:16";"buph sali";"hl";"+";;;
"Niklfeld:1979:IX:16";"amel oval";"hl";"+";;;
"Niklfeld:1979:IX:16";"kern saxa";"hl";"+";;;
"Niklfeld:1979:IX:16";"aspl ruta";"hl";"+";;;
"Niklfeld:1979:IX:16";"thal minu slat";"hl";"+";;;
"Niklfeld:1979:IX:16";"knau arve slat";"hl";"+";;;
"Niklfeld:1979:IX:16";"fest vers pall";"hl";"+";;;
"Niklfeld:1979:IX:16";"rham saxa saxa";"hl";"+";;;
"Niklfeld:1979:IX:16";"sese aust";"hl";"2";;;
"Niklfeld:1979:IX:16";"jovi glob hirt";"hl";"+";;;
"Niklfeld:1979:IX:16";"poly odor";"hl";"1";;;
"Niklfeld:1979:IX:16";"anth ramo";"hl";"1";;;
"Niklfeld:1979:IX:16";"care humi";"hl";"1";;;
"Niklfeld:1979:IX:16";"alli lusi";"hl";"1";;;
"Niklfeld:1979:IX:16";"vinc hiru";"hl";"+";;;
"Niklfeld:1979:IX:16";"dian cart cart";"hl";"+";;;
"Niklfeld:1979:IX:16";"anth vuln poly";"hl";"+";;;
"Niklfeld:1979:IX:16";"heli numm obsc";"hl";"1";;;
"Niklfeld:1979:IX:16";"gali luci";"hl";"+";;;
"Niklfeld:1979:IX:16";"viol hirt";"hl";"+";;"cf.";
"Karrer:1985:I:7";"aspl ruta";"hl";"+";;;
"Karrer:1985:I:7";"gali luci";"hl";"+";;;
"Karrer:1985:I:7";"teuc mont";"hl";"1";;;
"Karrer:1985:I:7";"aspl tric quad";"hl";"+";;;
"Karrer:1985:I:7";"sesl caer";"hl";"r";;;
"Karrer:1985:I:7";"sese aust";"hl";"+";;;
"Karrer:1985:I:7";"erys sylv";"hl";"+";;;
"Karrer:1985:I:7";"hier bupl";"hl";"+";;;
"Karrer:1985:I:7";"heli canu";"hl";"+";;;
"Karrer:1985:I:7";"euph cypa";"hl";"+";;;
"Karrer:1985:I:8";"sesl caer";"hl";"+";;;
"Karrer:1985:I:8";"gali luci";"hl";"1";;;
"Karrer:1985:I:8";"teuc mont";"hl";"+";;;
"Karrer:1985:I:8";"sese aust";"hl";"+";;;
"Karrer:1985:I:8";"glob cord";"hl";"+";;;
"Karrer:1985:I:8";"bupl falc falc";"hl";"+";;;
"Karrer:1985:I:8";"meli cili";"hl";"r";;;
"Karrer:1985:I:8";"jovi glob hirt";"hl";"+";;;
"Karrer:1985:I:8";"dory germ";"hl";"+";;;
"Karrer:1985:I:8";"rham saxa saxa";"hl";"+";;;
"Karrer:1985:I:8";"pote inca";"hl";"+";;;
"Karrer:1985:I:9";"sesl caer";"hl";"3";;;
"Karrer:1985:I:9";"gali luci";"hl";"+";;;
"Karrer:1985:I:9";"teuc mont";"hl";"+";;;
"Karrer:1985:I:9";"sese aust";"hl";"1";;;
"Karrer:1985:I:9";"glob cord";"hl";"+";;;
"Karrer:1985:I:9";"achi clav";"hl";"+";;;
"Karrer:1985:I:9";"heli canu";"hl";"+";;;
"Karrer:1985:I:9";"bupl falc falc";"hl";"+";;;
"Karrer:1985:I:9";"meli cili";"hl";"+";;;
"Karrer:1985:I:9";"camp rotu aggr";"hl";"+";;"agg.";
"Karrer:1985:I:9";"drab aizo aizo";"hl";"1";;;
"Karrer:1985:I:9";"euph sali";"hl";"r";;;
"Karrer:1985:I:9";"clin alpi alpi";"hl";"r";;;
"Karrer:1985:I:9";"poa bade";"hl";"r";;;
"Karrer:1985:I:10";"sesl caer";"hl";"1";;;
"Karrer:1985:I:10";"gali luci";"hl";"1";;;
"Karrer:1985:I:10";"teuc mont";"hl";"1";;;
"Karrer:1985:I:10";"sese aust";"hl";"r";;;
"Karrer:1985:I:10";"erys sylv";"hl";"+";;;
"Karrer:1985:I:10";"hier bupl";"hl";"+";;;
"Karrer:1985:I:10";"bupl falc falc";"hl";"+";;;
"Karrer:1985:I:10";"euph sali";"hl";"r";;;
"Karrer:1985:I:10";"alli lusi";"hl";"+";;;
"Karrer:1985:I:10";"saxi pani";"hl";"+";;;
"Niklfeld:1979:IX:29";"amel oval";"hl";"+";;;
"Niklfeld:1979:IX:29";"aspl tric quad";"hl";"+";;"cf.";
"Niklfeld:1979:IX:29";"fest pall";"hl";"2";;;
"Niklfeld:1979:IX:29";"sese aust";"hl";"1";;;
"Niklfeld:1979:IX:29";"jovi glob hirt";"hl";"+";;;
"Niklfeld:1979:IX:29";"sedu albu";"hl";"1";;;
"Niklfeld:1979:IX:29";"erys sylv";"hl";"+";;;
"Niklfeld:1979:IX:29";"sesl caer";"hl";"2";;;
"Niklfeld:1979:IX:29";"care humi";"hl";"+";;;
"Niklfeld:1979:IX:29";"euph cypa";"hl";"+";;;
"Niklfeld:1979:IX:29";"alli lusi";"hl";"+";;;
"Niklfeld:1979:IX:29";"dian cart cart";"hl";"+";;;
"Niklfeld:1979:IX:29";"heli numm obsc";"hl";"+";;;
"Niklfeld:1979:IX:29";"gali luci";"hl";"1";;;
"Niklfeld:1979:IX:29";"cham hirs";"hl";"+";;;
"Niklfeld:1979:IX:29";"aspe cyna";"hl";"+";;;
"Niklfeld:1979:IX:29";"geni pilo";"hl";"1";;;
"Niklfeld:1979:IX:30";"kern saxa";"hl";"+";;;
"Niklfeld:1979:IX:30";"hier bifi";"hl";"+";;;
"Niklfeld:1979:IX:30";"aspl ruta";"hl";"1";;;
"Niklfeld:1979:IX:30";"poly cham";"hl";"+";;;
"Niklfeld:1979:IX:30";"fest pall";"hl";"+";;;
"Niklfeld:1979:IX:30";"sese aust";"hl";"1";;;
"Niklfeld:1979:IX:30";"jovi glob hirt";"hl";"1";;;
"Niklfeld:1979:IX:30";"sedu albu";"hl";"+";;;
"Niklfeld:1979:IX:30";"poly odor";"hl";"+";;;
"Niklfeld:1979:IX:30";"anth ramo";"hl";"+";;;
"Niklfeld:1979:IX:30";"erys sylv";"hl";"+";;;
"Niklfeld:1979:IX:30";"sesl caer";"hl";"3";;;
"Niklfeld:1979:IX:30";"care humi";"hl";"2";;;
"Niklfeld:1979:IX:30";"euph cypa";"hl";"+";;;
"Niklfeld:1979:IX:30";"gali luci";"hl";"+";;;
"Niklfeld:1979:IX:30";"aspe cyna";"hl";"+";;;
"Niklfeld:1979:IX:30";"puls styr";"hl";"+";;;
"Niklfeld:1979:IX:30";"scab ochr";"hl";"+";;;
"Niklfeld:1979:IX:30";"geni pilo";"hl";"+";;;
"Niklfeld:1979:IX:30";"scor aust";"hl";"+";;;
"Niklfeld:1979:IX:30";"card cras glau";"hl";"+";;;
"Niklfeld:1979:IX:30";"pimp saxi slat";"hl";"+";;;
"Niklfeld:1979:IX:30";"arte camp";"hl";"+";;;
"Niklfeld:1979:IX:31";"amel oval";"hl";"+";;;
"Niklfeld:1979:IX:31";"kern saxa";"hl";"+";;;
"Niklfeld:1979:IX:31";"aspl ruta";"hl";"+";;;
"Niklfeld:1979:IX:31";"aspl tric quad";"hl";"+";;"cf.";
"Niklfeld:1979:IX:31";"thal minu slat";"hl";"+";;;
"Niklfeld:1979:IX:31";"fest pall";"hl";"1";;;
"Niklfeld:1979:IX:31";"sese aust";"hl";"1";;;
"Niklfeld:1979:IX:31";"jovi glob hirt";"hl";"+";;;
"Niklfeld:1979:IX:31";"sedu albu";"hl";"+";;;
"Niklfeld:1979:IX:31";"poly odor";"hl";"+";;;
"Niklfeld:1979:IX:31";"erys sylv";"hl";"+";;;
"Niklfeld:1979:IX:31";"sesl caer";"hl";"2";;;
"Niklfeld:1979:IX:31";"care humi";"hl";"2";;;
"Niklfeld:1979:IX:31";"thym prae poly";"hl";"+";;"cf.";
"Niklfeld:1979:IX:31";"euph cypa";"hl";"+";;;
"Niklfeld:1979:IX:31";"alli lusi";"hl";"+";;;
"Niklfeld:1979:IX:31";"vinc hiru";"hl";"+";;;
"Niklfeld:1979:IX:31";"gali luci";"hl";"+";;;
"Niklfeld:1979:IX:31";"aspe cyna";"hl";"1";;;
"Niklfeld:1979:IX:31";"puls styr";"hl";"+";;;
"Niklfeld:1979:IX:31";"scab ochr";"hl";"+";;;
"Niklfeld:1979:IX:31";"geni pilo";"hl";"+";;;
"Niklfeld:1979:IX:31";"card cras glau";"hl";"+";;;
"Niklfeld:1979:IX:31";"pimp saxi slat";"hl";"+";;;
"Niklfeld:1979:IX:31";"echi vulg";"hl";"+";;;
"Niklfeld:1979:IX:31";"pote pusi";"hl";"+";;;
"Niklfeld:1979:IX:31";"cent stoe stoe";"hl";"+";;;
"Niklfeld:1979:IX:31";"meli cili";"hl";"1";;;
"Niklfeld:1979:IX:31";"arte camp";"hl";"+";;;
"Niklfeld:1979:IX:32";"secu vari";"hl";"2";;;
"Niklfeld:1979:IX:32";"amel oval";"hl";"+";;;
"Niklfeld:1979:IX:32";"kern saxa";"hl";"+";;;
"Niklfeld:1979:IX:32";"aspl ruta";"hl";"+";;;
"Niklfeld:1979:IX:32";"aspl tric quad";"hl";"+";;"cf.";
"Niklfeld:1979:IX:32";"thal minu slat";"hl";"+";;;
"Niklfeld:1979:IX:32";"fest pall";"hl";"1";;;
"Niklfeld:1979:IX:32";"sese aust";"hl";"+";;;
"Niklfeld:1979:IX:32";"jovi glob hirt";"hl";"+";;;
"Niklfeld:1979:IX:32";"sedu albu";"hl";"1";;;
"Niklfeld:1979:IX:32";"poly odor";"hl";"+";;;
"Niklfeld:1979:IX:32";"anth ramo";"hl";"+";;;
"Niklfeld:1979:IX:32";"erys sylv";"hl";"+";;;
"Niklfeld:1979:IX:32";"sesl caer";"hl";"2";;;
"Niklfeld:1979:IX:32";"care humi";"hl";"+";;;
"Niklfeld:1979:IX:32";"euph cypa";"hl";"+";;;
"Niklfeld:1979:IX:32";"vinc hiru";"hl";"+";;;
"Niklfeld:1979:IX:32";"gali luci";"hl";"+";;;
"Niklfeld:1979:IX:32";"stac rect rect";"hl";"+";;;
"Niklfeld:1979:IX:32";"puls styr";"hl";"+";;;
"Niklfeld:1979:IX:32";"scab ochr";"hl";"+";;;
"Niklfeld:1979:IX:32";"geni pilo";"hl";"+";;;
"Niklfeld:1979:IX:32";"minu seta";"hl";"+";;;
"Niklfeld:1979:IX:32";"scor aust";"hl";"+";;;
"Niklfeld:1979:IX:32";"card cras glau";"hl";"+";;;
"Niklfeld:1979:IX:32";"alys repe tran";"hl";"+";;;
"Niklfeld:1979:IX:32";"echi vulg";"hl";"+";;;
"Niklfeld:1979:IX:32";"pote pusi";"hl";"+";;;
"Niklfeld:1979:IX:32";"cent stoe stoe";"hl";"+";;;
"Niklfeld:1979:IX:32";"plan medi";"hl";"+";;;
"Niklfeld:1979:IX:33";"amel oval";"hl";"1";;;
"Niklfeld:1979:IX:33";"kern saxa";"hl";"1";;;
"Niklfeld:1979:IX:33";"hier bifi";"hl";"+";;;
"Niklfeld:1979:IX:33";"aspl ruta";"hl";"+";;;
"Niklfeld:1979:IX:33";"aspl tric quad";"hl";"+";;"cf.";
"Niklfeld:1979:IX:33";"clin alpi alpi";"hl";"+";;;
"Niklfeld:1979:IX:33";"fest pall";"hl";"1";;;
"Niklfeld:1979:IX:33";"sese aust";"hl";"1";;;
"Niklfeld:1979:IX:33";"jovi glob hirt";"hl";"+";;;
"Niklfeld:1979:IX:33";"sedu albu";"hl";"+";;;
"Niklfeld:1979:IX:33";"erys sylv";"hl";"+";;;
"Niklfeld:1979:IX:33";"sesl caer";"hl";"2";;;
"Niklfeld:1979:IX:33";"euph cypa";"hl";"+";;;
"Niklfeld:1979:IX:33";"vinc hiru";"hl";"+";;;
"Niklfeld:1979:IX:33";"dian cart cart";"hl";"+";;;
"Niklfeld:1979:IX:33";"gali luci";"hl";"+";;;
"Niklfeld:1979:IX:33";"cham hirs";"hl";"+";;;
"Niklfeld:1979:IX:33";"aspe cyna";"hl";"+";;;
"Niklfeld:1979:IX:33";"puls styr";"hl";"+";;;
"Niklfeld:1979:IX:33";"geni pilo";"hl";"+";;;
"Niklfeld:1979:IX:33";"minu seta";"hl";"+";;;
"Niklfeld:1979:IX:33";"pote pusi";"hl";"+";;;
"Niklfeld:1979:IX:33";"meli cili";"hl";"+";;;
"Niklfeld:1979:IX:34";"aspl ruta";"hl";"1";;;
"Niklfeld:1979:IX:34";"clin alpi alpi";"hl";"+";;;
"Niklfeld:1979:IX:34";"fest pall";"hl";"1";;;
"Niklfeld:1979:IX:34";"sese aust";"hl";"+";;;
"Niklfeld:1979:IX:34";"jovi glob hirt";"hl";"+";;;
"Niklfeld:1979:IX:34";"sedu albu";"hl";"+";;;
"Niklfeld:1979:IX:34";"poly odor";"hl";"+";;;
"Niklfeld:1979:IX:34";"anth ramo";"hl";"+";;;
"Niklfeld:1979:IX:34";"erys sylv";"hl";"+";;;
"Niklfeld:1979:IX:34";"sesl caer";"hl";"1";;;
"Niklfeld:1979:IX:34";"euph cypa";"hl";"+";;;
"Niklfeld:1979:IX:34";"alli lusi";"hl";"+";;;
"Niklfeld:1979:IX:34";"dian cart cart";"hl";"+";;;
"Niklfeld:1979:IX:34";"teuc cham";"hl";"+";;;
"Niklfeld:1979:IX:34";"cent scab slat";"hl";"+";;;
"Niklfeld:1979:IX:34";"gali luci";"hl";"+";;;
"Niklfeld:1979:IX:34";"stac rect rect";"hl";"+";;;
"Niklfeld:1979:IX:34";"cham hirs";"hl";"+";;;
"Niklfeld:1979:IX:34";"aspe cyna";"hl";"+";;;
"Niklfeld:1979:IX:34";"puls styr";"hl";"+";;;
"Niklfeld:1979:IX:34";"scab ochr";"hl";"+";;;
"Niklfeld:1979:IX:34";"minu seta";"hl";"1";;;
"Niklfeld:1979:IX:34";"scor aust";"hl";"1";;;
"Niklfeld:1979:IX:34";"sedu acre";"hl";"+";;;
"Niklfeld:1979:IX:34";"pote pusi";"hl";"+";;;
"Niklfeld:1979:IX:34";"cent stoe stoe";"hl";"+";;;
"Niklfeld:1979:IX:34";"meli cili";"hl";"+";;;
"Niklfeld:1979:IX:34";"arte camp";"hl";"+";;;
"Niklfeld:1979:IX:34";"salv prat prat";"hl";"+";;;
"Niklfeld:1979:IX:35";"hier bifi";"hl";"1";;;
"Niklfeld:1979:IX:35";"aspl ruta";"hl";"+";;;
"Niklfeld:1979:IX:35";"clin alpi alpi";"hl";"1";;;
"Niklfeld:1979:IX:35";"sese aust";"hl";"1";;;
"Niklfeld:1979:IX:35";"jovi glob hirt";"hl";"+";;;
"Niklfeld:1979:IX:35";"sedu albu";"hl";"+";;;
"Niklfeld:1979:IX:35";"anth ramo";"hl";"+";;;
"Niklfeld:1979:IX:35";"sesl caer";"hl";"2";;;
"Niklfeld:1979:IX:35";"care humi";"hl";"+";;;
"Niklfeld:1979:IX:35";"thym prae poly";"hl";"+";;;
"Niklfeld:1979:IX:35";"euph cypa";"hl";"+";;;
"Niklfeld:1979:IX:35";"alli lusi";"hl";"+";;;
"Niklfeld:1979:IX:35";"vinc hiru";"hl";"+";;;
"Niklfeld:1979:IX:35";"camp rotu aggr";"hl";"+";;;
"Niklfeld:1979:IX:35";"stac rect rect";"hl";"+";;;
"Niklfeld:1979:IX:35";"aspe cyna";"hl";"+";;;
"Niklfeld:1979:IX:35";"scab ochr";"hl";"+";;;
"Niklfeld:1979:IX:35";"geni pilo";"hl";"+";;;
"Niklfeld:1979:IX:35";"scor aust";"hl";"1";;;
"Niklfeld:1979:IX:35";"sedu acre";"hl";"1";;;
"Niklfeld:1979:IX:35";"pote pusi";"hl";"1";;;
"Niklfeld:1979:IX:35";"cent stoe stoe";"hl";"1";;;
"Niklfeld:1979:IX:35";"meli cili";"hl";"+";;;
"Niklfeld:1979:IX:35";"puls prat nigr";"hl";"+";;;
"Niklfeld:1979:IX:35";"dian plum blan";"hl";"+";;;
"Niklfeld:1979:IX:36";"hier bifi";"hl";"1";;;
"Niklfeld:1979:IX:36";"aspl ruta";"hl";"+";;;
"Niklfeld:1979:IX:36";"clin alpi alpi";"hl";"+";;;
"Niklfeld:1979:IX:36";"sese aust";"hl";"+";;;
"Niklfeld:1979:IX:36";"jovi glob hirt";"hl";"+";;;
"Niklfeld:1979:IX:36";"sedu albu";"hl";"+";;;
"Niklfeld:1979:IX:36";"anth ramo";"hl";"+";;;
"Niklfeld:1979:IX:36";"sesl caer";"hl";"2";;;
"Niklfeld:1979:IX:36";"care humi";"hl";"+";;;
"Niklfeld:1979:IX:36";"thym prae poly";"hl";"+";;;
"Niklfeld:1979:IX:36";"euph cypa";"hl";"1";;;
"Niklfeld:1979:IX:36";"alli lusi";"hl";"+";;;
"Niklfeld:1979:IX:36";"vinc hiru";"hl";"+";;;
"Niklfeld:1979:IX:36";"camp rotu aggr";"hl";"+";;;
"Niklfeld:1979:IX:36";"stac rect rect";"hl";"+";;;
"Niklfeld:1979:IX:36";"cham hirs";"hl";"+";;;
"Niklfeld:1979:IX:36";"aspe cyna";"hl";"+";;;
"Niklfeld:1979:IX:36";"scab ochr";"hl";"+";;;
"Niklfeld:1979:IX:36";"geni pilo";"hl";"+";;;
"Niklfeld:1979:IX:36";"scor aust";"hl";"1";;;
"Niklfeld:1979:IX:36";"sedu acre";"hl";"+";;;
"Niklfeld:1979:IX:36";"pote pusi";"hl";"+";;;
"Niklfeld:1979:IX:36";"cent stoe stoe";"hl";"+";;;
"Niklfeld:1979:IX:36";"meli cili";"hl";"+";;;
"Niklfeld:1979:IX:36";"puls prat nigr";"hl";"+";;;
"Niklfeld:1979:IX:36";"plan medi";"hl";"+";;;
"Niklfeld:1979:IX:36";"dian plum blan";"hl";"1";;;
"exner2004:01";"arte absi";"hl";"+";"Artemisia absinthium";;
"exner2004:01";"arte camp";"hl";"1";"Artemisia campestris";;
"exner2004:01";"camp trac";"hl";"+";"C. trachelium";;
"exner2004:01";"card cras slat";"hl";"+";"Carduus defloratus agg.";;
"exner2004:01";"carl vulg slat";"hl";"+";"Carlina vulgaris agg.";;
"exner2004:01";"clin acin";"hl";"+";"Acinos alpinus";;
"exner2004:01";"digi gran";"hl";"+";"Digitalis grandiflora";;
"exner2004:01";"euph cypa";"hl";"+";"Euphorbia cyparissias";;
"exner2004:01";"gali moll aggr";"hl";"+";"Galium mollugo agg.";;
"exner2004:01";"hier pilo ella";"hl";"1";"Hieracium pilosella";;
"exner2004:01";"hylo maxi";"hl";"+";"Sedum maximum";;
"exner2004:01";"juni sabi";"hl";"3";"Juniperus sabina";;
"exner2004:01";"rham cath";"hl";"+";"Rhamnus cathartica";;
"exner2004:01";"rume acet slat";"hl";"+";"Rumex acetosella s. lat.";;
"exner2004:01";"saxi pani";"hl";"+";"Saxifraga paniculata";;
"exner2004:01";"semp arac";"hl";"+";"Sempervivum arachnoideum";;
"exner2004:01";"semp wulf";"hl";"+";"Sempervivum wulfenii";;
"exner2004:01";"sesl caer";"hl";"1";"Sesleria albicans";;
"exner2004:01";"sile nuta nuta";"hl";"+";"Silene nutans s. lat.";;
"exner2004:01";"thal minu slat";"hl";"+";"Thalictrum minus agg.";;
"exner2004:01";"thym prae slat";"hl";"+";"Thymus praecox agg.";;
"exner2004:01";"vinc hiru";"hl";"+";"Vincetoxicum hirundinaria";;
"exner2004:02";"arte camp";"hl";"+";"Artemisia campestris";;
"exner2004:02";"card cras slat";"hl";"1";"Carduus defloratus agg.";;
"exner2004:02";"digi gran";"hl";"+";"Digitalis grandiflora";;
"exner2004:02";"echi vulg";"hl";"+";"Echium vulgare";;
"exner2004:02";"erys sylv";"hl";"1";"Erysimum sylvestre";;
"exner2004:02";"euph cypa";"hl";"1";"Euphorbia cyparissias";;
"exner2004:02";"fest stri sulc";"hl";"2";"Festuca  rupicola";;
"exner2004:02";"gali moll aggr";"hl";"+";"Galium mollugo agg.";;
"exner2004:02";"gent anis";"hl";"+";"Gentianella anisodonta";;
"exner2004:02";"juni sabi";"hl";"2";"Juniperus sabina";;
"exner2004:02";"koel pyra pyra";"hl";"+";"Koeleria pyramidata auct.";;
"exner2004:02";"lase lati lati";"hl";"+";"Laserpitium  latifolium";;
"exner2004:02";"linu cath";"hl";"+";"Linum catharticum";;
"exner2004:02";"rume acet slat";"hl";"1";"Rumex acetosella s. lat.";;
"exner2004:02";"semp arac";"hl";"1";"Sempervivum arachnoideum";;
"exner2004:02";"sese liba liba";"hl";"1";"Seseli libanotis";;
"exner2004:02";"sile nuta nuta";"hl";"1";"Silene nutans s. lat.";;
"exner2004:02";"vici crac aggr";"hl";"+";"Vicia cracca agg.";;
"exner2004:03";"agro capi";"hl";"+";"Agrostis capillaris";;
"exner2004:03";"aste alpi";"hl";"+";"Aster  alpinus";;
"exner2004:03";"dian sylv";"hl";"+";"Dianthus sylvestris";;
"exner2004:03";"euph cypa";"hl";"+";"Euphorbia cyparissias";;
"exner2004:03";"gali moll aggr";"hl";"+";"Galium mollugo agg.";;
"exner2004:03";"gali pumi";"hl";"+";"Galium pusillum agg.";;
"exner2004:03";"heli numm slat";"hl";"+";"Helianthemum nummularium agg.";;
"exner2004:03";"juni sabi";"hl";"2";"Juniperus sabina";;
"exner2004:03";"koel pyra pyra";"hl";"1";"Koeleria pyramidata auct.";;
"exner2004:03";"pote vern aggr";"hl";"+";"Potentilla verna agg.";;
"exner2004:03";"saxi pani";"hl";"+";"Saxifraga paniculata";;
"exner2004:03";"scab colu";"hl";"+";"Scabiosa columbaria";;
"exner2004:03";"semp arac";"hl";"+";"Sempervivum arachnoideum";;
"exner2004:03";"semp wulf";"hl";"+";"Sempervivum wulfenii";;
"exner2004:03";"sesl caer";"hl";"4";"Sesleria albicans";;
"exner2004:03";"thym prae slat";"hl";"+";"Thymus praecox agg.";;
"exner2004:04";"agro capi";"hl";"+";"Agrostis capillaris";;
"exner2004:04";"amel oval";"hl";"+";"Amelanchier ovalis";;
"exner2004:04";"anth odor aggr";"hl";"+";"Anthoxanthum odoratum agg.";;
"exner2004:04";"arte camp";"hl";"+";"Artemisia campestris";;
"exner2004:04";"card cras slat";"hl";"+";"Carduus defloratus agg.";;
"exner2004:04";"dian cart slat";"hl";"+";"Dianthus carthusianorum agg.";;
"exner2004:04";"fest stri sulc";"hl";"+";"Festuca  rupicola";;
"exner2004:04";"gali moll aggr";"hl";"+";"Galium mollugo agg.";;
"exner2004:04";"gali pumi";"hl";"+";"Galium pusillum agg.";;
"exner2004:04";"juni sabi";"hl";"4";"Juniperus sabina";;
"exner2004:04";"lase lati lati";"hl";"+";"Laserpitium  latifolium";;
"exner2004:04";"linu cath";"hl";"+";"Linum catharticum";;
"exner2004:04";"phle phle";"hl";"+";"Phleum phleoides";;
"exner2004:04";"phle prat aggr";"hl";"+";"Phleum pratense agg.";;
"exner2004:04";"poly odor";"hl";"1";"Polygonatum odoratum";;
"exner2004:04";"scab colu";"hl";"+";"Scabiosa columbaria";;
"exner2004:04";"semp arac";"hl";"1";"Sempervivum arachnoideum";;
"exner2004:04";"semp wulf";"hl";"+";"Sempervivum wulfenii";;
"exner2004:04";"sesl caer";"hl";"1";"Sesleria albicans";;
"exner2004:04";"thym prae slat";"hl";"+";"Thymus praecox agg.";;
"exner2004:04";"vinc hiru";"hl";"+";"Vincetoxicum hirundinaria";;
"exner2004:04";"wood alpi";"hl";"+";"Woodsia alpina";;
"exner2004:05";"achi mill aggr";"hl";"+";"Achillea millefolium agg.";;
"exner2004:05";"card cras slat";"hl";"+";"Carduus defloratus agg.";;
"exner2004:05";"clin acin";"hl";"+";"Acinos alpinus";;
"exner2004:05";"dian cart slat";"hl";"+";"Dianthus carthusianorum agg.";;
"exner2004:05";"erys sylv";"hl";"1";"Erysimum sylvestre";;
"exner2004:05";"euph cypa";"hl";"1";"Euphorbia cyparissias";;
"exner2004:05";"fest stri sulc";"hl";"1";"Festuca  rupicola";;
"exner2004:05";"gali pumi";"hl";"+";"Galium pusillum agg.";;
"exner2004:05";"jovi glob aren";"hl";"2";"Jovibarba arenaria";;
"exner2004:05";"juni sabi";"hl";"3";"Juniperus sabina";;
"exner2004:05";"koel pyra pyra";"hl";"+";"Koeleria pyramidata auct.";;
"exner2004:05";"saxi pani";"hl";"+";"Saxifraga paniculata";;
"exner2004:05";"scab colu";"hl";"+";"Scabiosa columbaria";;
"exner2004:05";"sedu albu";"hl";"1";"Sedum album";;
"exner2004:05";"semp arac";"hl";"2";"Sempervivum arachnoideum";;
"exner2004:05";"sese liba liba";"hl";"+";"Seseli libanotis";;
"exner2004:05";"sile rupe";"hl";"+";"Silene rupestris";;
"exner2004:05";"thym prae slat";"hl";"2";"Thymus praecox agg.";;
"exner2004:05";"vero frut cans";"hl";"+";"Veronica fruticans";;
"exner2004:06";"agro capi";"hl";"+";"Agrostis capillaris";;
"exner2004:06";"aspl sept sept";"hl";"+";"Asplenium septentrionale";;
"exner2004:06";"aste alpi";"hl";"+";"Aster  alpinus";;
"exner2004:06";"clin acin";"hl";"+";"Acinos alpinus";;
"exner2004:06";"erys sylv";"hl";"+";"Erysimum sylvestre";;
"exner2004:06";"euph cypa";"hl";"1";"Euphorbia cyparissias";;
"exner2004:06";"euph sali";"hl";"+";"Euphrasia salisburgensis";;
"exner2004:06";"fest stri sulc";"hl";"2";"Festuca  rupicola";;
"exner2004:06";"gali moll aggr";"hl";"+";"Galium mollugo agg.";;
"exner2004:06";"gali pumi";"hl";"+";"Galium pusillum agg.";;
"exner2004:06";"hier pilo ella";"hl";"1";"Hieracium pilosella";;
"exner2004:06";"jovi glob aren";"hl";"+";"Jovibarba arenaria";;
"exner2004:06";"juni sabi";"hl";"3";"Juniperus sabina";;
"exner2004:06";"thal minu slat";"hl";"+";"Thalictrum minus agg.";;
"exner2004:06";"thym prae slat";"hl";"+";"Thymus praecox agg.";;
"exner2004:06";"trif medi medi";"hl";"+";"Trifolium medium";;
"exner2004:06";"vinc hiru";"hl";"+";"Vincetoxicum hirundinaria";;
"exner2004:06";"wood alpi";"hl";"+";"Woodsia alpina";;
"exner2004:07";"alli lusi";"hl";"+";"Allium senescens";;
"exner2004:07";"alli oler";"hl";"+";"Allium oleraceum";;
"exner2004:07";"anth vuln slat";"hl";"+";"Anthyllis vulneraria";;
"exner2004:07";"arte camp";"hl";"1";"Artemisia campestris";;
"exner2004:07";"aste alpi";"hl";"+";"Aster  alpinus";;
"exner2004:07";"astr pend";"hl";"+";"Astragalus penduliflorus";;
"exner2004:07";"homa pube pube";"hl";"+";"Avenula pubescens";;
"exner2004:07";"brac pinn aggr";"hl";"+";"Brachypodium pinnatum agg.";;
"exner2004:07";"briz medi";"hl";"+";"Briza media";;
"exner2004:07";"clin acin";"hl";"1";"Acinos alpinus";;
"exner2004:07";"clin vulg vulg";"hl";"+";"Clinopodium vulgare";;
"exner2004:07";"dian cart slat";"hl";"1";"Dianthus carthusianorum agg.";;
"exner2004:07";"erys sylv";"hl";"+";"Erysimum sylvestre";;
"exner2004:07";"euph cypa";"hl";"+";"Euphorbia cyparissias";;
"exner2004:07";"fest stri sulc";"hl";"2";"Festuca  rupicola";;
"exner2004:07";"frag vesc";"hl";"+";"Fragaria vesca";;
"exner2004:07";"frax exce";"hl";"+";"Fraxinus excelsior";;
"exner2004:07";"gali pumi";"hl";"+";"Galium pusillum agg.";;
"exner2004:07";"gali veru";"hl";"1";"Galium verum";;
"exner2004:07";"heli numm slat";"hl";"+";"Helianthemum nummularium agg.";;
"exner2004:07";"jovi glob aren";"hl";"+";"Jovibarba arenaria";;
"exner2004:07";"juni sabi";"hl";"2";"Juniperus sabina";;
"exner2004:07";"koel pyra pyra";"hl";"1";"Koeleria pyramidata auct.";;
"exner2004:07";"leon hisp slat";"hl";"+";"Leontodon hispidus";;
"exner2004:07";"leuc vulg aggr";"hl";"1";"Leucanthemum vulgare agg.";;
"exner2004:07";"lili bulb bulb";"hl";"+";"Lilium bulbiferum, most likely L. bulbiferum subsp. bulbiferum";;
"exner2004:07";"phle phle";"hl";"+";"Phleum phleoides";;
"exner2004:07";"poa moli";"hl";"1";"Poa molineri";;
"exner2004:07";"poly odor";"hl";"+";"Polygonatum odoratum";;
"exner2004:07";"pote vern aggr";"hl";"+";"Potentilla verna agg.";;
"exner2004:07";"prim veri veri";"hl";"+";"P. veris";;
"exner2004:07";"rubu idae";"hl";"+";"Rubus idaeus";;
"exner2004:07";"saxi pani";"hl";"1";"Saxifraga paniculata";;
"exner2004:07";"scab colu";"hl";"1";"Scabiosa columbaria";;
"exner2004:07";"sedu albu";"hl";"2";"Sedum album";;
"exner2004:07";"sedu dasy";"hl";"+";"Sedum dasyphyllum";;
"exner2004:07";"semp arac";"hl";"2";"Sempervivum arachnoideum";;
"exner2004:07";"sese liba liba";"hl";"1";"Seseli libanotis";;
"exner2004:07";"sile nuta nuta";"hl";"+";"Silene nutans s. lat.";;
"exner2004:07";"thal minu slat";"hl";"+";"Thalictrum minus agg.";;
"exner2004:07";"thym prae slat";"hl";"2";"Thymus praecox agg.";;
"exner2004:07";"vero frut cans";"hl";"+";"Veronica fruticans";;
"exner2004:07";"vici crac aggr";"hl";"+";"Vicia cracca agg.";;
"exner2004:07";"vinc hiru";"hl";"+";"Vincetoxicum hirundinaria";;
"exner2004:07";"wood alpi";"hl";"+";"Woodsia alpina";;
"exner2004:08";"agro capi";"hl";"1";"Agrostis capillaris";;
"exner2004:08";"alli lusi";"hl";"+";"Allium senescens";;
"exner2004:08";"anth vuln slat";"hl";"+";"Anthyllis vulneraria";;
"exner2004:08";"arte absi";"hl";"+";"Artemisia absinthium";;
"exner2004:08";"arte camp";"hl";"1";"Artemisia campestris";;
"exner2004:08";"aspl ruta";"hl";"+";"Asplenium ruta-muraria";;
"exner2004:08";"aste alpi";"hl";"+";"Aster  alpinus";;
"exner2004:08";"homa pube pube";"hl";"+";"Avenula pubescens";;
"exner2004:08";"cala vari";"hl";"+";"Calamagrostis varia";;
"exner2004:08";"card cras slat";"hl";"+";"Carduus defloratus agg.";;
"exner2004:08";"clin acin";"hl";"1";"Acinos alpinus";;
"exner2004:08";"dian cart slat";"hl";"+";"Dianthus carthusianorum agg.";;
"exner2004:08";"dian sylv";"hl";"1";"Dianthus sylvestris";;
"exner2004:08";"erys sylv";"hl";"+";"Erysimum sylvestre";;
"exner2004:08";"euph cypa";"hl";"1";"Euphorbia cyparissias";;
"exner2004:08";"fest stri sulc";"hl";"2";"Festuca  rupicola";;
"exner2004:08";"gali pumi";"hl";"1";"Galium pusillum agg.";;
"exner2004:08";"gali veru";"hl";"+";"Galium verum";;
"exner2004:08";"gyps repe";"hl";"1";"Gypsophila repens";;
"exner2004:08";"hier pilo ella";"hl";"+";"Hieracium pilosella";;
"exner2004:08";"hylo maxi";"hl";"+";"Sedum maximum";;
"exner2004:08";"jovi glob aren";"hl";"+";"Jovibarba arenaria";;
"exner2004:08";"juni sabi";"hl";"2";"Juniperus sabina";;
"exner2004:08";"koel pyra pyra";"hl";"+";"Koeleria pyramidata auct.";;
"exner2004:08";"lase lati lati";"hl";"+";"Laserpitium  latifolium";;
"exner2004:08";"leon hisp slat";"hl";"+";"Leontodon hispidus";;
"exner2004:08";"phle phle";"hl";"1";"Phleum phleoides";;
"exner2004:08";"pimp saxi slat";"hl";"+";"Pimpinella saxifraga agg.";;
"exner2004:08";"plan medi";"hl";"+";"Plantago media";;
"exner2004:08";"poa moli";"hl";"+";"Poa molineri";;
"exner2004:08";"pote vern aggr";"hl";"+";"Potentilla verna agg.";;
"exner2004:08";"scab colu";"hl";"+";"Scabiosa columbaria";;
"exner2004:08";"sedu albu";"hl";"1";"Sedum album";;
"exner2004:08";"sedu dasy";"hl";"+";"Sedum dasyphyllum";;
"exner2004:08";"semp arac";"hl";"2";"Sempervivum arachnoideum";;
"exner2004:08";"sesl caer";"hl";"+";"Sesleria albicans";;
"exner2004:08";"sile nuta nuta";"hl";"+";"Silene nutans s. lat.";;
"exner2004:08";"thal minu slat";"hl";"+";"Thalictrum minus agg.";;
"exner2004:08";"thym prae slat";"hl";"1";"Thymus praecox agg.";;
"exner2004:08";"trif camp";"hl";"+";"Trifolium campestre";;
"exner2004:08";"trif medi medi";"hl";"+";"Trifolium medium";;
"exner2004:08";"trif mont mont";"hl";"+";"Trifolium montanum";;
"exner2004:08";"vale offi slat";"hl";"+";"Valeriana officinalis agg.";;
"exner2004:08";"vero frut cans";"hl";"+";"Veronica fruticans";;
"exner2004:08";"vero offi";"hl";"+";"Veronica officinalis";;
"exner2004:08";"vinc hiru";"hl";"+";"Vincetoxicum hirundinaria";;
"exner2004:09";"arte absi";"hl";"+";"Artemisia absinthium";;
"exner2004:09";"arte camp";"hl";"+";"Artemisia campestris";;
"exner2004:09";"aspl sept sept";"hl";"+";"Asplenium septentrionale";;
"exner2004:09";"aspl tric slat";"hl";"+";"Asplenium trichomanes";;
"exner2004:09";"aste alpi";"hl";"1";"Aster  alpinus";;
"exner2004:09";"berb vulg";"hl";"+";"Berberis vulgaris";;
"exner2004:09";"card cras slat";"hl";"+";"Carduus defloratus agg.";;
"exner2004:09";"clin acin";"hl";"+";"Acinos alpinus";;
"exner2004:09";"dian cart slat";"hl";"+";"Dianthus carthusianorum agg.";;
"exner2004:09";"euph cypa";"hl";"+";"Euphorbia cyparissias";;
"exner2004:09";"fest stri sulc";"hl";"2";"Festuca  rupicola";;
"exner2004:09";"gali moll aggr";"hl";"+";"Galium mollugo agg.";;
"exner2004:09";"hier pilo ella";"hl";"1";"Hieracium pilosella";;
"exner2004:09";"holc lana";"hl";"+";"Holcus lanatus";;
"exner2004:09";"jovi glob aren";"hl";"1";"Jovibarba arenaria";;
"exner2004:09";"juni sabi";"hl";"2";"Juniperus sabina";;
"exner2004:09";"poa moli";"hl";"+";"Poa molineri";;
"exner2004:09";"pote vern aggr";"hl";"+";"Potentilla verna agg.";;
"exner2004:09";"saxi pani";"hl";"+";"Saxifraga paniculata";;
"exner2004:09";"sedu albu";"hl";"+";"Sedum album";;
"exner2004:09";"semp arac";"hl";"1";"Sempervivum arachnoideum";;
"exner2004:09";"sese liba liba";"hl";"+";"Seseli libanotis";;
"exner2004:09";"sile nuta nuta";"hl";"+";"Silene nutans s. lat.";;
"exner2004:09";"sile vulg vulg";"hl";"+";"Silene vulgaris";;
"exner2004:09";"thym prae slat";"hl";"1";"Thymus praecox agg.";;
"exner2004:09";"trif medi medi";"hl";"+";"Trifolium medium";;
"exner2004:09";"trif mont mont";"hl";"+";"Trifolium montanum";;
"exner2004:09";"vero cham slat";"hl";"+";"Veronica chamaedrys agg.";;
"exner2004:10";"alli lusi";"hl";"+";"Allium senescens";;
"exner2004:10";"anth vuln slat";"hl";"+";"Anthyllis vulneraria";;
"exner2004:10";"arte camp";"hl";"1";"Artemisia campestris";;
"exner2004:10";"astr pend";"hl";"+";"Astragalus penduliflorus";;
"exner2004:10";"brac pinn aggr";"hl";"+";"Brachypodium pinnatum agg.";;
"exner2004:10";"cala vari";"hl";"1";"Calamagrostis varia";;
"exner2004:10";"camp spic";"hl";"+";"Campanula spicata";;
"exner2004:10";"card defl slat";"hl";"+";"Carduus defloratus agg.";;
"exner2004:10";"cent pseu";"hl";"+";"Centaurea phrygia agg.";;
"exner2004:10";"cent scab slat";"hl";"+";"Centaurea scabiosa";;
"exner2004:10";"cera arve slat";"hl";"+";"Cerastium arvense";;
"exner2004:10";"clin acin";"hl";"+";"Acinos alpinus";;
"exner2004:10";"clin vulg vulg";"hl";"+";"Clinopodium vulgare";;
"exner2004:10";"crep cony";"hl";"+";"Crepis conyzifolia";;
"exner2004:10";"dian sylv";"hl";"+";"Dianthus sylvestris";;
"exner2004:10";"erys sylv";"hl";"1";"Erysimum sylvestre";;
"exner2004:10";"fest stri sulc";"hl";"2";"Festuca  rupicola";;
"exner2004:10";"gali moll aggr";"hl";"1";"Galium mollugo agg.";;
"exner2004:10";"hylo maxi";"hl";"+";"Sedum maximum";;
"exner2004:10";"juni comm comm";"hl";"2";"Juniperus communis";;
"exner2004:10";"juni sabi";"hl";"3";"Juniperus sabina";;
"exner2004:10";"knau arve arve";"hl";"+";"Knautia arvensis";;
"exner2004:10";"koel pyra pyra";"hl";"2";"Koeleria pyramidata auct.";;
"exner2004:10";"lase lati lati";"hl";"1";"Laserpitium  latifolium";;
"exner2004:10";"leuc maxi aggr";"hl";"+";"Leucanthemum maximum s.l.";;
"exner2004:10";"phle phle";"hl";"1";"Phleum phleoides";;
"exner2004:10";"phyt beto";"hl";"+";"Phyteuma betonicifolia";;
"exner2004:10";"pimp saxi slat";"hl";"+";"Pimpinella saxifraga agg.";;
"exner2004:10";"poa moli";"hl";"1";"Poa molineri";;
"exner2004:10";"poa nemo";"hl";"+";"Poa nemoralis";;
"exner2004:10";"poly odor";"hl";"+";"Polygonatum odoratum";;
"exner2004:10";"pote pusi";"hl";"+";"Potentilla pusilla";;
"exner2004:10";"rhin aris aggr";"hl";"+";"Rhinanthus aristatus agg.";;
"exner2004:10";"rhyt rugo";"ml";"1";"Rhytidium rugosum";;
"exner2004:10";"rosa vosa aggr";"hl";"+";"Rosa dumalis s. lat.";;
"exner2004:10";"rume scut";"hl";"+";"Rumex scutatus";;
"exner2004:10";"saxi pani";"hl";"1";"Saxifraga paniculata";;
"exner2004:10";"scab colu";"hl";"+";"Scabiosa columbaria";;
"exner2004:10";"sedu annu";"hl";"1";"Sedum annuum";;
"exner2004:10";"semp arac";"hl";"1";"Sempervivum arachnoideum";;
"exner2004:10";"semp wulf";"hl";"+";"Sempervivum wulfenii";;
"exner2004:10";"sese liba liba";"hl";"+";"Seseli libanotis";;
"exner2004:10";"sile nuta nuta";"hl";"+";"Silene nutans s. lat.";;
"exner2004:10";"thal minu slat";"hl";"+";"Thalictrum minus agg.";;
"exner2004:10";"thes alpi";"hl";"+";"Thesium alpinum";;
"exner2004:10";"thym pule slat";"hl";"1";"Thymus pulegioides";;
"exner2004:10";"tort tort";"ml";"1";"Tortella tortuosa";;
"exner2004:10";"trif medi medi";"hl";"1";"Trifolium medium";;
"exner2004:10";"trif mont mont";"hl";"+";"Trifolium montanum";;
"exner2004:10";"vinc hiru";"hl";"+";"Vincetoxicum hirundinaria";;
"exner2004:10";"viol tric slat";"hl";"+";"Viola tricolor";;
"exner2004:11";"abie abie abie";"ml";"+";"Abietinella abietina";;" | Changed abie abie To abie abie abie 2012-11-12 08:56:31"
"exner2004:11";"agro capi";"hl";"+";"Agrostis capillaris";;
"exner2004:11";"alch sect alch";"hl";"+";"Alchemilla vulgaris agg.";;
"exner2004:11";"alli lusi";"hl";"+";"Allium senescens";;
"exner2004:11";"anth vuln slat";"hl";"+";"Anthyllis vulneraria";;
"exner2004:11";"arte camp";"hl";"1";"Artemisia campestris";;
"exner2004:11";"astr pend";"hl";"+";"Astragalus penduliflorus";;
"exner2004:11";"berb vulg";"hl";"+";"Berberis vulgaris";;
"exner2004:11";"brac pinn aggr";"hl";"1";"Brachypodium pinnatum agg.";;
"exner2004:11";"briz medi";"hl";"+";"Briza media";;
"exner2004:11";"cala vari";"hl";"+";"Calamagrostis varia";;
"exner2004:11";"carl acau slat";"hl";"+";"Carlina acaulis";;
"exner2004:11";"cera arve slat";"hl";"+";"Cerastium arvense";;
"exner2004:11";"clin acin";"hl";"+";"Acinos alpinus";;
"exner2004:11";"clin vulg vulg";"hl";"+";"Clinopodium vulgare";;
"exner2004:11";"cusc epit epit";"hl";"+";"Cuscuta epithymum";;
"exner2004:11";"dact glom glom";"hl";"+";"Dactylis glomerata agg., most liklely D. glomerat subsp. glomerata";;
"exner2004:11";"dian sylv";"hl";"+";"Dianthus sylvestris";;
"exner2004:11";"erys sylv";"hl";"+";"Erysimum sylvestre";;
"exner2004:11";"fest stri sulc";"hl";"2";"Festuca  rupicola";;
"exner2004:11";"gali moll aggr";"hl";"1";"Galium mollugo agg.";;
"exner2004:11";"heli numm slat";"hl";"1";"Helianthemum nummularium agg.";;
"exner2004:11";"hier pilo ella";"hl";"1";"Hieracium pilosella";;
"exner2004:11";"hylo maxi";"hl";"1";"Sedum maximum";;
"exner2004:11";"juni comm comm";"hl";"+";"Juniperus communis";;
"exner2004:11";"juni sabi";"hl";"4";"Juniperus sabina";;
"exner2004:11";"koel pyra pyra";"hl";"1";"Koeleria pyramidata auct.";;
"exner2004:11";"lari deci deci";"hl";"+";"Larix decidua";;
"exner2004:11";"lotu corn slat";"hl";"+";"Lotus corniculatus agg.";;
"exner2004:11";"petr saxi";"hl";"+";"Petrorhagia saxifraga";;
"exner2004:11";"phle phle";"hl";"+";"Phleum phleoides";;
"exner2004:11";"phyt beto";"hl";"+";"Phyteuma betonicifolia";;
"exner2004:11";"pimp saxi slat";"hl";"1";"Pimpinella saxifraga agg.";;
"exner2004:11";"plan medi";"hl";"+";"Plantago media";;
"exner2004:11";"poa moli";"hl";"1";"Poa molineri";;
"exner2004:11";"poa nemo";"hl";"1";"Poa nemoralis";;
"exner2004:11";"pote pusi";"hl";"1";"Potentilla pusilla";;
"exner2004:11";"rhin aris aggr";"hl";"+";"Rhinanthus aristatus agg.";;
"exner2004:11";"ribe uvac slat";"hl";"+";"Ribes uva-crispa";;
"exner2004:11";"rosa vosa aggr";"hl";"+";"Rosa dumalis s. lat.";;
"exner2004:11";"rubu idae";"hl";"+";"Rubus idaeus";;
"exner2004:11";"rume acet slat";"hl";"+";"Rumex acetosella s. lat.";;
"exner2004:11";"scab colu";"hl";"+";"Scabiosa columbaria";;
"exner2004:11";"sedu annu";"hl";"2";"Sedum annuum";;
"exner2004:11";"semp arac";"hl";"+";"Sempervivum arachnoideum";;
"exner2004:11";"sese annu";"hl";"+";"Seseli annuum";;
"exner2004:11";"sese liba liba";"hl";"+";"Seseli libanotis";;
"exner2004:11";"sile nuta nuta";"hl";"+";"Silene nutans s. lat.";;
"exner2004:11";"thal minu slat";"hl";"+";"Thalictrum minus agg.";;
"exner2004:11";"thym pule slat";"hl";"1";"Thymus pulegioides";;
"exner2004:11";"tort tort";"ml";"1";"Tortella tortuosa";;
"exner2004:11";"trif mont mont";"hl";"1";"Trifolium montanum";;
"exner2004:11";"verb lych";"hl";"+";"Verbascum lychnitis";;
"exner2004:11";"viol tric slat";"hl";"+";"Viola tricolor";;
"exner2004:12";"abie abie abie";"ml";"+";"Abietinella abietina";;" | Changed abie abie To abie abie abie 2012-11-12 08:56:31"
"exner2004:12";"anth vuln slat";"hl";"+";"Anthyllis vulneraria";;
"exner2004:12";"arte camp";"hl";"1";"Artemisia campestris";;
"exner2004:12";"aste alpi";"hl";"2";"Aster  alpinus";;
"exner2004:12";"berb vulg";"hl";"+";"Berberis vulgaris";;
"exner2004:12";"care cary";"hl";"+";"Carex caryophyllea";;
"exner2004:12";"dian sylv";"hl";"2";"Dianthus sylvestris";;
"exner2004:12";"erys sylv";"hl";"1";"Erysimum sylvestre";;
"exner2004:12";"euph cypa";"hl";"1";"Euphorbia cyparissias";;
"exner2004:12";"fest stri sulc";"hl";"1";"Festuca  rupicola";;
"exner2004:12";"gali moll aggr";"hl";"+";"Galium mollugo agg.";;
"exner2004:12";"gyps repe";"hl";"+";"Gypsophila repens";;
"exner2004:12";"heli numm slat";"hl";"+";"Helianthemum nummularium agg.";;
"exner2004:12";"hype macu aggr";"hl";"+";"Hypericum maculatum agg.";;
"exner2004:12";"juni comm comm";"hl";"+";"Juniperus communis";;
"exner2004:12";"juni sabi";"hl";"2";"Juniperus sabina";;
"exner2004:12";"koel pyra pyra";"hl";"2";"Koeleria pyramidata auct.";;
"exner2004:12";"lotu corn slat";"hl";"+";"Lotus corniculatus agg.";;
"exner2004:12";"petr saxi";"hl";"+";"Petrorhagia saxifraga";;
"exner2004:12";"phle phle";"hl";"+";"Phleum phleoides";;
"exner2004:12";"pimp saxi slat";"hl";"+";"Pimpinella saxifraga agg.";;
"exner2004:12";"pinu sylv";"hl";"+";"Pinus sylvestris";;
"exner2004:12";"poa moli";"hl";"+";"Poa molineri";;
"exner2004:12";"poly odor";"hl";"+";"Polygonatum odoratum";;
"exner2004:12";"poly vulg";"hl";"+";"Polygala vulgaris";;
"exner2004:12";"pote pusi";"hl";"+";"Potentilla pusilla";;
"exner2004:12";"rham cath";"hl";"+";"Rhamnus cathartica";;
"exner2004:12";"rhin aris aggr";"hl";"+";"Rhinanthus aristatus agg.";;
"exner2004:12";"rhyt rugo";"ml";"1";"Rhytidium rugosum";;
"exner2004:12";"scab colu";"hl";"1";"Scabiosa columbaria";;
"exner2004:12";"sedu annu";"hl";"+";"Sedum annuum";;
"exner2004:12";"semp arac";"hl";"1";"Sempervivum arachnoideum";;
"exner2004:12";"sile nuta nuta";"hl";"+";"Silene nutans s. lat.";;
"exner2004:12";"teuc mont";"hl";"2";"Teucrium montanum";;
"exner2004:12";"thym pule slat";"hl";"3";"Thymus pulegioides";;
"exner2004:12";"tort tort";"ml";"1";"Tortella tortuosa";;
"exner2004:12";"vinc hiru";"hl";"+";"Vincetoxicum hirundinaria";;
"exner2004:13";"abie abie abie";"ml";"+";"Abietinella abietina";;" | Changed abie abie To abie abie abie 2012-11-12 08:56:31"
"exner2004:13";"agro capi";"hl";"1";"Agrostis capillaris";;
"exner2004:13";"alli lusi";"hl";"+";"Allium senescens";;
"exner2004:13";"anth odor aggr";"hl";"+";"Anthoxanthum odoratum agg.";;
"exner2004:13";"anth vuln slat";"hl";"1";"Anthyllis vulneraria";;
"exner2004:13";"arab hirs aggr";"hl";"+";"Arabis hirsuta agg.";;
"exner2004:13";"arte camp";"hl";"+";"Artemisia campestris";;
"exner2004:13";"berb vulg";"hl";"1";"Berberis vulgaris";;
"exner2004:13";"bisc laev laev";"hl";"+";"Biscutella laevigata";;
"exner2004:13";"brac pinn aggr";"hl";"1";"Brachypodium pinnatum agg.";;
"exner2004:13";"briz medi";"hl";"+";"Briza media";;
"exner2004:13";"cala vari";"hl";"+";"Calamagrostis varia";;
"exner2004:13";"camp glom";"hl";"+";"Campanula glomerata";;
"exner2004:13";"camp trac";"hl";"+";"C. trachelium";;
"exner2004:13";"card defl slat";"hl";"1";"Carduus defloratus agg.";;
"exner2004:13";"care cary";"hl";"1";"Carex caryophyllea";;
"exner2004:13";"care orni slat";"hl";"+";"Carex ornithopoda agg.";;
"exner2004:13";"carl acau slat";"hl";"+";"Carlina acaulis";;
"exner2004:13";"cent jace slat";"hl";"+";"Centaurea jacea";;
"exner2004:13";"cera holo";"hl";"+";"Cerastium holosteoides";;
"exner2004:13";"clem alpi";"hl";"+";"Clematis alpina";;
"exner2004:13";"clin acin";"hl";"1";"Acinos alpinus";;
"exner2004:13";"crep alpe";"hl";"+";"Crepis alpestris";;
"exner2004:13";"cusc epit epit";"hl";"+";"Cuscuta epithymum";;
"exner2004:13";"dian sylv";"hl";"1";"Dianthus sylvestris";;
"exner2004:13";"erig alpi";"hl";"+";"Erigeron alpinus";;
"exner2004:13";"erys sylv";"hl";"+";"Erysimum sylvestre";;
"exner2004:13";"euph cypa";"hl";"2";"Euphorbia cyparissias";;
"exner2004:13";"euph offi slat";"hl";"+";"Euphrasia offcinalis";;
"exner2004:13";"euph sali";"hl";"+";"Euphrasia salisburgensis";;
"exner2004:13";"fest stri sulc";"hl";"1";"Festuca  rupicola";;
"exner2004:13";"frax exce";"hl";"+";"Fraxinus excelsior";;
"exner2004:13";"gali moll aggr";"hl";"+";"Galium mollugo agg.";;
"exner2004:13";"gali pumi";"hl";"+";"Galium pusillum agg.";;
"exner2004:13";"gent anis";"hl";"+";"Gentianella anisodonta";;
"exner2004:13";"glob cord";"hl";"1";"Globularia cordifolia";;
"exner2004:13";"gyps repe";"hl";"+";"Gypsophila repens";;
"exner2004:13";"heli numm slat";"hl";"2";"Helianthemum nummularium agg.";;
"exner2004:13";"hier pilo ella";"hl";"+";"Hieracium pilosella";;
"exner2004:13";"hype perf";"hl";"+";"Hypericum perforatum";;
"exner2004:13";"juni comm comm";"hl";"2";"Juniperus communis";;
"exner2004:13";"juni sabi";"hl";"2";"Juniperus sabina";;
"exner2004:13";"koel pyra pyra";"hl";"1";"Koeleria pyramidata auct.";;
"exner2004:13";"lase lati lati";"hl";"+";"Laserpitium  latifolium";;
"exner2004:13";"leon hisp slat";"hl";"+";"Leontodon hispidus";;
"exner2004:13";"linu cath";"hl";"1";"Linum catharticum";;
"exner2004:13";"lotu corn slat";"hl";"+";"Lotus corniculatus agg.";;
"exner2004:13";"medi lupu";"hl";"+";"Medicago lupulina";;
"exner2004:13";"onob mont mont";"hl";"+";"Onobrychis montana";;
"exner2004:13";"orch ustu slat";"hl";"+";"Orchis ustulata";;
"exner2004:13";"orob cary";"hl";"+";"Orobanche caryophyllacea";;
"exner2004:13";"parn palu";"hl";"+";"Parnassia palustris";;
"exner2004:13";"petr saxi";"hl";"+";"Petrorhagia saxifraga";;
"exner2004:13";"pimp saxi slat";"hl";"1";"Pimpinella saxifraga agg.";;
"exner2004:13";"plan lanc";"hl";"1";"Plantago lanceolata";;
"exner2004:13";"plan medi";"hl";"2";"Plantago media";;
"exner2004:13";"poa moli";"hl";"1";"Poa molineri";;
"exner2004:13";"poa prat";"hl";"+";"poa prat";;
"exner2004:13";"pote vern aggr";"hl";"1";"Potentilla verna agg.";;
"exner2004:13";"raco cane slat";"ml";"+";"Racomitrium canescens";;" | Changed raco cane To raco cane slat 2012-11-12 08:56:31"
"exner2004:13";"ranu bulb";"hl";"+";"Ranunculus bulbosus";;
"exner2004:13";"rhin aris aggr";"hl";"2";"Rhinanthus aristatus agg.";;
"exner2004:13";"rhyt rugo";"ml";"+";"Rhytidium rugosum";;
"exner2004:13";"rosa vosa aggr";"hl";"+";"Rosa dumalis s. lat.";;
"exner2004:13";"salv prat prat";"hl";"+";"Salvia pratensis";;
"exner2004:13";"sang mino slat";"hl";"+";"Sanguisorba minor";;
"exner2004:13";"saxi pani";"hl";"+";"Saxifraga paniculata";;
"exner2004:13";"scab colu";"hl";"1";"Scabiosa columbaria";;
"exner2004:13";"sedu albu";"hl";"+";"Sedum album";;
"exner2004:13";"sedu sexa";"hl";"+";"Sedum sexangulare";;
"exner2004:13";"semp arac";"hl";"+";"Sempervivum arachnoideum";;
"exner2004:13";"sese annu";"hl";"+";"Seseli annuum";;
"exner2004:13";"sese liba liba";"hl";"+";"Seseli libanotis";;
"exner2004:13";"sile nuta nuta";"hl";"+";"Silene nutans s. lat.";;
"exner2004:13";"tara spec ies";"hl";"+";"Taraxacum sp.";;
"exner2004:13";"teuc mont";"hl";"+";"Teucrium montanum";;
"exner2004:13";"thal minu slat";"hl";"+";"Thalictrum minus agg.";;
"exner2004:13";"thes alpi";"hl";"+";"Thesium alpinum";;
"exner2004:13";"thym prae slat";"hl";"1";"Thymus praecox agg.";;
"exner2004:13";"tort tort";"ml";"1";"Tortella tortuosa";;
"exner2004:13";"trif mont mont";"hl";"1";"Trifolium montanum";;
"exner2004:13";"trif prat prat";"hl";"+";"Trifolium pratense";;
"exner2004:13";"vale offi slat";"hl";"+";"Valeriana officinalis agg.";;
"exner2004:13";"verb lych";"hl";"+";"Verbascum lychnitis";;
"exner2004:13";"vero frut cans";"hl";"+";"Veronica fruticans";;
"exner2004:13";"vinc hiru";"hl";"+";"Vincetoxicum hirundinaria";;
"exner2004:13";"viol tric slat";"hl";"+";"Viola tricolor";;
"exner2004:14";"abie abie abie";"ml";"+";"Abietinella abietina";;" | Changed abie abie To abie abie abie 2012-11-12 08:56:31"
"exner2004:14";"alli lusi";"hl";"+";"Allium senescens";;
"exner2004:14";"anth vuln slat";"hl";"+";"Anthyllis vulneraria";;
"exner2004:14";"arte camp";"hl";"+";"Artemisia campestris";;
"exner2004:14";"aste alpi";"hl";"+";"Aster  alpinus";;
"exner2004:14";"berb vulg";"hl";"+";"Berberis vulgaris";;
"exner2004:14";"bisc laev laev";"hl";"+";"Biscutella laevigata";;
"exner2004:14";"brac pinn aggr";"hl";"1";"Brachypodium pinnatum agg.";;
"exner2004:14";"cala vari";"hl";"+";"Calamagrostis varia";;
"exner2004:14";"camp spic";"hl";"+";"Campanula spicata";;
"exner2004:14";"care cary";"hl";"1";"Carex caryophyllea";;
"exner2004:14";"carl acau slat";"hl";"+";"Carlina acaulis";;
"exner2004:14";"cent scab slat";"hl";"+";"Centaurea scabiosa";;
"exner2004:14";"clin acin";"hl";"+";"Acinos alpinus";;
"exner2004:14";"crep alpe";"hl";"+";"Crepis alpestris";;
"exner2004:14";"dian sylv";"hl";"1";"Dianthus sylvestris";;
"exner2004:14";"erys sylv";"hl";"+";"Erysimum sylvestre";;
"exner2004:14";"euph cypa";"hl";"+";"Euphorbia cyparissias";;
"exner2004:14";"fest stri sulc";"hl";"1";"Festuca  rupicola";;
"exner2004:14";"gali moll aggr";"hl";"1";"Galium mollugo agg.";;
"exner2004:14";"gali pumi";"hl";"+";"Galium pusillum agg.";;
"exner2004:14";"glob cord";"hl";"2";"Globularia cordifolia";;
"exner2004:14";"gyps repe";"hl";"+";"Gypsophila repens";;
"exner2004:14";"heli numm slat";"hl";"2";"Helianthemum nummularium agg.";;
"exner2004:14";"hier pilo ella";"hl";"+";"Hieracium pilosella";;
"exner2004:14";"hype perf";"hl";"+";"Hypericum perforatum";;
"exner2004:14";"jovi glob aren";"hl";"+";"Jovibarba arenaria";;
"exner2004:14";"juni comm comm";"hl";"2";"Juniperus communis";;
"exner2004:14";"juni sabi";"hl";"3";"Juniperus sabina";;
"exner2004:14";"koel pyra pyra";"hl";"2";"Koeleria pyramidata auct.";;
"exner2004:14";"lari deci deci";"hl";"+";"Larix decidua";;
"exner2004:14";"linu cath";"hl";"+";"Linum catharticum";;
"exner2004:14";"lotu corn slat";"hl";"+";"Lotus corniculatus agg.";;
"exner2004:14";"onob mont mont";"hl";"+";"Onobrychis montana";;
"exner2004:14";"orob cary";"hl";"+";"Orobanche caryophyllacea";;
"exner2004:14";"petr saxi";"hl";"+";"Petrorhagia saxifraga";;
"exner2004:14";"phle phle";"hl";"+";"Phleum phleoides";;
"exner2004:14";"pimp saxi slat";"hl";"+";"Pimpinella saxifraga agg.";;
"exner2004:14";"plan atra atra";"hl";"+";"Plantago atrata";;
"exner2004:14";"plan lanc";"hl";"+";"Plantago lanceolata";;
"exner2004:14";"plan medi";"hl";"+";"Plantago media";;
"exner2004:14";"poa moli";"hl";"+";"Poa molineri";;
"exner2004:14";"poly odor";"hl";"+";"Polygonatum odoratum";;
"exner2004:14";"pote vern aggr";"hl";"1";"Potentilla verna agg.";;
"exner2004:14";"rhin aris aggr";"hl";"+";"Rhinanthus aristatus agg.";;
"exner2004:14";"rhyt rugo";"ml";"2";"Rhytidium rugosum";;
"exner2004:14";"rosa vosa aggr";"hl";"+";"Rosa dumalis s. lat.";;
"exner2004:14";"salv prat prat";"hl";"+";"Salvia pratensis";;
"exner2004:14";"saxi pani";"hl";"+";"Saxifraga paniculata";;
"exner2004:14";"scab colu";"hl";"+";"Scabiosa columbaria";;
"exner2004:14";"sedu albu";"hl";"+";"Sedum album";;
"exner2004:14";"semp arac";"hl";"1";"Sempervivum arachnoideum";;
"exner2004:14";"sese liba liba";"hl";"1";"Seseli libanotis";;
"exner2004:14";"sile nuta nuta";"hl";"1";"Silene nutans s. lat.";;
"exner2004:14";"sile vulg vulg";"hl";"+";"Silene vulgaris";;
"exner2004:14";"teuc mont";"hl";"1";"Teucrium montanum";;
"exner2004:14";"thym prae slat";"hl";"+";"Thymus praecox agg.";;
"exner2004:14";"tort tort";"ml";"+";"Tortella tortuosa";;
"exner2004:14";"trif medi medi";"hl";"+";"Trifolium medium";;
"exner2004:14";"trif mont mont";"hl";"+";"Trifolium montanum";;
"exner2004:14";"trif prat prat";"hl";"+";"Trifolium pratense";;
"exner2004:14";"verb lych";"hl";"+";"Verbascum lychnitis";;
"exner2004:14";"vinc hiru";"hl";"+";"Vincetoxicum hirundinaria";;
"exner2004:14";"viol tric slat";"hl";"+";"Viola tricolor";;
"exner2004:15";"abie abie abie";"ml";"+";"Abietinella abietina";;" | Changed abie abie To abie abie abie 2012-11-12 08:56:31"
"exner2004:15";"achi mill aggr";"hl";"+";"Achillea millefolium agg.";;
"exner2004:15";"alli lusi";"hl";"+";"Allium senescens";;
"exner2004:15";"anth vuln slat";"hl";"1";"Anthyllis vulneraria";;
"exner2004:15";"arab hirs aggr";"hl";"+";"Arabis hirsuta agg.";;
"exner2004:15";"arrh elat";"hl";"+";"Arrhenatherum elatius";;
"exner2004:15";"arte camp";"hl";"1";"Artemisia campestris";;
"exner2004:15";"aste alpi";"hl";"+";"Aster  alpinus";;
"exner2004:15";"berb vulg";"hl";"+";"Berberis vulgaris";;
"exner2004:15";"brac pinn aggr";"hl";"+";"Brachypodium pinnatum agg.";;
"exner2004:15";"cala vari";"hl";"+";"Calamagrostis varia";;
"exner2004:15";"care cary";"hl";"+";"Carex caryophyllea";;
"exner2004:15";"carl acau slat";"hl";"+";"Carlina acaulis";;
"exner2004:15";"cent scab slat";"hl";"+";"Centaurea scabiosa";;
"exner2004:15";"clin acin";"hl";"1";"Acinos alpinus";;
"exner2004:15";"cory avel";"hl";"+";"Corylus avellana";;
"exner2004:15";"cusc epit epit";"hl";"+";"Cuscuta epithymum";;
"exner2004:15";"dian sylv";"hl";"1";"Dianthus sylvestris";;
"exner2004:15";"erys sylv";"hl";"1";"Erysimum sylvestre";;
"exner2004:15";"euph cypa";"hl";"1";"Euphorbia cyparissias";;
"exner2004:15";"fest stri sulc";"hl";"1";"Festuca  rupicola";;
"exner2004:15";"gali moll aggr";"hl";"1";"Galium mollugo agg.";;
"exner2004:15";"glob cord";"hl";"1";"Globularia cordifolia";;
"exner2004:15";"heli numm slat";"hl";"2";"Helianthemum nummularium agg.";;
"exner2004:15";"hier pilo ella";"hl";"+";"Hieracium pilosella";;
"exner2004:15";"jovi glob aren";"hl";"+";"Jovibarba arenaria";;
"exner2004:15";"juni comm comm";"hl";"1";"Juniperus communis";;
"exner2004:15";"juni sabi";"hl";"2";"Juniperus sabina";;
"exner2004:15";"koel pyra pyra";"hl";"2";"Koeleria pyramidata auct.";;
"exner2004:15";"lari deci deci";"hl";"+";"Larix decidua";;
"exner2004:15";"leon hisp slat";"hl";"+";"Leontodon hispidus";;
"exner2004:15";"lotu corn slat";"hl";"1";"Lotus corniculatus agg.";;
"exner2004:15";"medi lupu";"hl";"+";"Medicago lupulina";;
"exner2004:15";"onob mont mont";"hl";"+";"Onobrychis montana";;
"exner2004:15";"orob cary";"hl";"+";"Orobanche caryophyllacea";;
"exner2004:15";"petr saxi";"hl";"+";"Petrorhagia saxifraga";;
"exner2004:15";"phle phle";"hl";"+";"Phleum phleoides";;
"exner2004:15";"pimp saxi slat";"hl";"+";"Pimpinella saxifraga agg.";;
"exner2004:15";"plan lanc";"hl";"+";"Plantago lanceolata";;
"exner2004:15";"plan medi";"hl";"+";"Plantago media";;
"exner2004:15";"poa moli";"hl";"+";"Poa molineri";;
"exner2004:15";"pote vern aggr";"hl";"2";"Potentilla verna agg.";;
"exner2004:15";"rhyt rugo";"ml";"1";"Rhytidium rugosum";;
"exner2004:15";"rosa vosa aggr";"hl";"+";"Rosa dumalis s. lat.";;
"exner2004:15";"salv prat prat";"hl";"+";"Salvia pratensis";;
"exner2004:15";"sang mino slat";"hl";"+";"Sanguisorba minor";;
"exner2004:15";"scab colu";"hl";"1";"Scabiosa columbaria";;
"exner2004:15";"sedu albu";"hl";"+";"Sedum album";;
"exner2004:15";"semp arac";"hl";"+";"Sempervivum arachnoideum";;
"exner2004:15";"sile nuta nuta";"hl";"+";"Silene nutans s. lat.";;
"exner2004:15";"teuc mont";"hl";"2";"Teucrium montanum";;
"exner2004:15";"thes alpi";"hl";"+";"Thesium alpinum";;
"exner2004:15";"thym prae slat";"hl";"2";"Thymus praecox agg.";;
"exner2004:15";"tort tort";"ml";"+";"Tortella tortuosa";;
"exner2004:15";"trif mont mont";"hl";"+";"Trifolium montanum";;
"exner2004:15";"trif prat prat";"hl";"+";"Trifolium pratense";;
"exner2004:15";"trif repe repe";"hl";"+";"Trifolium repens";;
"exner2004:15";"verb lych";"hl";"+";"Verbascum lychnitis";;
"exner2004:16";"abie abie abie";"ml";"1";"Abietinella abietina";;" | Changed abie abie To abie abie abie 2012-11-12 08:56:31"
"exner2004:16";"agro capi";"hl";"1";"Agrostis capillaris";;
"exner2004:16";"alli lusi";"hl";"+";"Allium senescens";;
"exner2004:16";"anth vuln slat";"hl";"1";"Anthyllis vulneraria";;
"exner2004:16";"arab hirs aggr";"hl";"+";"Arabis hirsuta agg.";;
"exner2004:16";"aren serp";"hl";"+";"Arenaria serpyllifolia agg.";;
"exner2004:16";"aspl ruta";"hl";"+";"Asplenium ruta-muraria";;
"exner2004:16";"homa pube pube";"hl";"+";"Avenula pubescens";;
"exner2004:16";"berb vulg";"hl";"+";"Berberis vulgaris";;
"exner2004:16";"brac pinn aggr";"hl";"+";"Brachypodium pinnatum agg.";;
"exner2004:16";"briz medi";"hl";"+";"Briza media";;
"exner2004:16";"cala vari";"hl";"+";"Calamagrostis varia";;
"exner2004:16";"care cary";"hl";"+";"Carex caryophyllea";;
"exner2004:16";"carl acau slat";"hl";"+";"Carlina acaulis";;
"exner2004:16";"cera holo";"hl";"+";"Cerastium holosteoides";;
"exner2004:16";"clin acin";"hl";"1";"Acinos alpinus";;
"exner2004:16";"dact glom glom";"hl";"+";"Dactylis glomerata agg., most liklely D. glomerat subsp. glomerata";;
"exner2004:16";"dian sylv";"hl";"1";"Dianthus sylvestris";;
"exner2004:16";"erig alpi";"hl";"+";"Erigeron alpinus";;
"exner2004:16";"erys sylv";"hl";"+";"Erysimum sylvestre";;
"exner2004:16";"euph cypa";"hl";"1";"Euphorbia cyparissias";;
"exner2004:16";"euph offi slat";"hl";"+";"Euphrasia offcinalis";;
"exner2004:16";"fest stri sulc";"hl";"1";"Festuca  rupicola";;
"exner2004:16";"gali moll aggr";"hl";"1";"Galium mollugo agg.";;
"exner2004:16";"glob cord";"hl";"+";"Globularia cordifolia";;
"exner2004:16";"heli numm slat";"hl";"2";"Helianthemum nummularium agg.";;
"exner2004:16";"jovi glob aren";"hl";"+";"Jovibarba arenaria";;
"exner2004:16";"juni comm comm";"hl";"1";"Juniperus communis";;
"exner2004:16";"juni sabi";"hl";"2";"Juniperus sabina";;
"exner2004:16";"koel pyra pyra";"hl";"2";"Koeleria pyramidata auct.";;
"exner2004:16";"lari deci deci";"hl";"+";"Larix decidua";;
"exner2004:16";"lath prat prat";"hl";"+";"Lathyrus pratensis";;
"exner2004:16";"leon hisp slat";"hl";"+";"Leontodon hispidus";;
"exner2004:16";"linu cath";"hl";"+";"Linum catharticum";;
"exner2004:16";"orob cary";"hl";"+";"Orobanche caryophyllacea";;
"exner2004:16";"petr saxi";"hl";"+";"Petrorhagia saxifraga";;
"exner2004:16";"phle phle";"hl";"+";"Phleum phleoides";;
"exner2004:16";"pice abie";"hl";"+";"Picea abies";;
"exner2004:16";"pimp saxi slat";"hl";"+";"Pimpinella saxifraga agg.";;
"exner2004:16";"plan lanc";"hl";"+";"Plantago lanceolata";;
"exner2004:16";"poa moli";"hl";"1";"Poa molineri";;
"exner2004:16";"poly vulg";"hl";"+";"Polygala vulgaris";;
"exner2004:16";"pote vern aggr";"hl";"2";"Potentilla verna agg.";;
"exner2004:16";"ranu bulb";"hl";"+";"Ranunculus bulbosus";;
"exner2004:16";"rham cath";"hl";"+";"Rhamnus cathartica";;
"exner2004:16";"rhin aris aggr";"hl";"2";"Rhinanthus aristatus agg.";;
"exner2004:16";"rhyt rugo";"ml";"+";"Rhytidium rugosum";;
"exner2004:16";"rosa vosa aggr";"hl";"+";"Rosa dumalis s. lat.";;
"exner2004:16";"sang mino slat";"hl";"+";"Sanguisorba minor";;
"exner2004:16";"saxi pani";"hl";"+";"Saxifraga paniculata";;
"exner2004:16";"scab colu";"hl";"1";"Scabiosa columbaria";;
"exner2004:16";"sedu albu";"hl";"+";"Sedum album";;
"exner2004:16";"sedu sexa";"hl";"+";"Sedum sexangulare";;
"exner2004:16";"semp arac";"hl";"+";"Sempervivum arachnoideum";;
"exner2004:16";"sese annu";"hl";"+";"Seseli annuum";;
"exner2004:16";"sese liba liba";"hl";"+";"Seseli libanotis";;
"exner2004:16";"sesl caer";"hl";"+";"Sesleria albicans";;
"exner2004:16";"sile nuta nuta";"hl";"+";"Silene nutans s. lat.";;
"exner2004:16";"teuc mont";"hl";"1";"Teucrium montanum";;
"exner2004:16";"thal minu slat";"hl";"+";"Thalictrum minus agg.";;
"exner2004:16";"thym prae slat";"hl";"1";"Thymus praecox agg.";;
"exner2004:16";"tort tort";"ml";"2";"Tortella tortuosa";;
"exner2004:16";"trif mont mont";"hl";"+";"Trifolium montanum";;
"exner2004:16";"trif prat prat";"hl";"+";"Trifolium pratense";;
"exner2004:16";"vale trip";"hl";"+";"V. tripteris";;
"exner2004:16";"viol tric slat";"hl";"+";"Viola tricolor";;
"exner2004:17";"abie abie abie";"ml";"+";"Abietinella abietina";;" | Changed abie abie To abie abie abie 2012-11-12 08:56:31"
"exner2004:17";"alli lusi";"hl";"+";"Allium senescens";;
"exner2004:17";"anth vuln slat";"hl";"1";"Anthyllis vulneraria";;
"exner2004:17";"arab hirs aggr";"hl";"+";"Arabis hirsuta agg.";;
"exner2004:17";"arte camp";"hl";"+";"Artemisia campestris";;
"exner2004:17";"aste alpi";"hl";"+";"Aster  alpinus";;
"exner2004:17";"berb vulg";"hl";"+";"Berberis vulgaris";;
"exner2004:17";"bisc laev laev";"hl";"+";"Biscutella laevigata";;
"exner2004:17";"brac pinn aggr";"hl";"1";"Brachypodium pinnatum agg.";;
"exner2004:17";"cala vari";"hl";"2";"Calamagrostis varia";;
"exner2004:17";"camp coch";"hl";"1";"Campanula cochleariifolia";;
"exner2004:17";"card defl slat";"hl";"+";"Carduus defloratus agg.";;
"exner2004:17";"care alba";"hl";"1";"Carex alba";;
"exner2004:17";"care cary";"hl";"+";"Carex caryophyllea";;
"exner2004:17";"care orni slat";"hl";"+";"Carex ornithopoda agg.";;
"exner2004:17";"carl acau slat";"hl";"+";"Carlina acaulis";;
"exner2004:17";"clin acin";"hl";"+";"Acinos alpinus";;
"exner2004:17";"crep alpe";"hl";"+";"Crepis alpestris";;
"exner2004:17";"dact glom glom";"hl";"+";"Dactylis glomerata agg., most liklely D. glomerat subsp. glomerata";;
"exner2004:17";"dian sylv";"hl";"2";"Dianthus sylvestris";;
"exner2004:17";"erys sylv";"hl";"+";"Erysimum sylvestre";;
"exner2004:17";"euph cypa";"hl";"1";"Euphorbia cyparissias";;
"exner2004:17";"euph sali";"hl";"+";"Euphrasia salisburgensis";;
"exner2004:17";"fest stri sulc";"hl";"1";"Festuca  rupicola";;
"exner2004:17";"frag vesc";"hl";"+";"Fragaria vesca";;
"exner2004:17";"gali moll aggr";"hl";"+";"Galium mollugo agg.";;
"exner2004:17";"gali pumi";"hl";"+";"Galium pusillum agg.";;
"exner2004:17";"glob cord";"hl";"2";"Globularia cordifolia";;
"exner2004:17";"gyps repe";"hl";"2";"Gypsophila repens";;
"exner2004:17";"heli numm slat";"hl";"2";"Helianthemum nummularium agg.";;
"exner2004:17";"hier pilo ella";"hl";"+";"Hieracium pilosella";;
"exner2004:17";"juni comm comm";"hl";"2";"Juniperus communis";;
"exner2004:17";"juni sabi";"hl";"2";"Juniperus sabina";;
"exner2004:17";"koel pyra pyra";"hl";"2";"Koeleria pyramidata auct.";;
"exner2004:17";"lari deci deci";"hl";"1";"Larix decidua";;
"exner2004:17";"leon hisp slat";"hl";"+";"Leontodon hispidus";;
"exner2004:17";"linu cath";"hl";"+";"Linum catharticum";;
"exner2004:17";"lotu corn slat";"hl";"1";"Lotus corniculatus agg.";;
"exner2004:17";"oxyt camp slat";"hl";"+";"Oxytropis campestris";;
"exner2004:17";"pimp saxi slat";"hl";"+";"Pimpinella saxifraga agg.";;
"exner2004:17";"plan lanc";"hl";"+";"Plantago lanceolata";;
"exner2004:17";"plan medi";"hl";"+";"Plantago media";;
"exner2004:17";"poa moli";"hl";"+";"Poa molineri";;
"exner2004:17";"poly vulg";"hl";"+";"Polygala vulgaris";;
"exner2004:17";"pote vern aggr";"hl";"1";"Potentilla verna agg.";;
"exner2004:17";"rhin aris aggr";"hl";"+";"Rhinanthus aristatus agg.";;
"exner2004:17";"rhyt rugo";"ml";"1";"Rhytidium rugosum";;
"exner2004:17";"rosa vosa aggr";"hl";"+";"Rosa dumalis s. lat.";;
"exner2004:17";"salv prat prat";"hl";"+";"Salvia pratensis";;
"exner2004:17";"sang mino slat";"hl";"+";"Sanguisorba minor";;
"exner2004:17";"scab colu";"hl";"+";"Scabiosa columbaria";;
"exner2004:17";"sedu sexa";"hl";"+";"Sedum sexangulare";;
"exner2004:17";"sile nuta nuta";"hl";"+";"Silene nutans s. lat.";;
"exner2004:17";"teuc mont";"hl";"1";"Teucrium montanum";;
"exner2004:17";"thes alpi";"hl";"+";"Thesium alpinum";;
"exner2004:17";"thym prae slat";"hl";"1";"Thymus praecox agg.";;
"exner2004:17";"tort tort";"ml";"1";"Tortella tortuosa";;
"exner2004:17";"trif mont mont";"hl";"+";"Trifolium montanum";;
"exner2004:18";"abie abie abie";"ml";"+";"Abietinella abietina";;" | Changed abie abie To abie abie abie 2012-11-12 08:56:31"
"exner2004:18";"achi mill aggr";"hl";"+";"Achillea millefolium agg.";;
"exner2004:18";"alli lusi";"hl";"2";"Allium senescens";;
"exner2004:18";"anth vuln slat";"hl";"+";"Anthyllis vulneraria";;
"exner2004:18";"arte absi";"hl";"1";"Artemisia absinthium";;
"exner2004:18";"arte camp";"hl";"+";"Artemisia campestris";;
"exner2004:18";"aspl ruta";"hl";"+";"Asplenium ruta-muraria";;
"exner2004:18";"cent scab slat";"hl";"+";"Centaurea scabiosa";;
"exner2004:18";"clin acin";"hl";"+";"Acinos alpinus";;
"exner2004:18";"dian sylv";"hl";"1";"Dianthus sylvestris";;
"exner2004:18";"erys sylv";"hl";"+";"Erysimum sylvestre";;
"exner2004:18";"euph cypa";"hl";"1";"Euphorbia cyparissias";;
"exner2004:18";"fest stri sulc";"hl";"1";"Festuca  rupicola";;
"exner2004:18";"gali moll aggr";"hl";"1";"Galium mollugo agg.";;
"exner2004:18";"hier pilo ella";"hl";"+";"Hieracium pilosella";;
"exner2004:18";"hylo maxi";"hl";"+";"Sedum maximum";;
"exner2004:18";"jovi glob aren";"hl";"1";"Jovibarba arenaria";;
"exner2004:18";"juni sabi";"hl";"2";"Juniperus sabina";;
"exner2004:18";"koel pyra pyra";"hl";"1";"Koeleria pyramidata auct.";;
"exner2004:18";"phle phle";"hl";"+";"Phleum phleoides";;
"exner2004:18";"pimp saxi slat";"hl";"+";"Pimpinella saxifraga agg.";;
"exner2004:18";"poa moli";"hl";"1";"Poa molineri";;
"exner2004:18";"pote vern aggr";"hl";"2";"Potentilla verna agg.";;
"exner2004:18";"ribe uvac slat";"hl";"+";"Ribes uva-crispa";;
"exner2004:18";"rosa vosa aggr";"hl";"+";"Rosa dumalis s. lat.";;
"exner2004:18";"salv prat prat";"hl";"+";"Salvia pratensis";;
"exner2004:18";"scab colu";"hl";"+";"Scabiosa columbaria";;
"exner2004:18";"sedu albu";"hl";"2";"Sedum album";;
"exner2004:18";"sedu sexa";"hl";"+";"Sedum sexangulare";;
"exner2004:18";"semp arac";"hl";"1";"Sempervivum arachnoideum";;
"exner2004:18";"semp wulf";"hl";"+";"Sempervivum wulfenii";;
"exner2004:18";"sese annu";"hl";"+";"Seseli annuum";;
"exner2004:18";"sile nuta nuta";"hl";"+";"Silene nutans s. lat.";;
"exner2004:18";"teuc mont";"hl";"+";"Teucrium montanum";;
"exner2004:18";"thal minu slat";"hl";"+";"Thalictrum minus agg.";;
"exner2004:18";"thym prae slat";"hl";"2";"Thymus praecox agg.";;
"exner2004:18";"tort tort";"ml";"2";"Tortella tortuosa";;
"exner2004:18";"trif medi medi";"hl";"+";"Trifolium medium";;
"exner2004:18";"trif mont mont";"hl";"+";"Trifolium montanum";;
"exner2004:18";"verb lych";"hl";"+";"Verbascum lychnitis";;
"exner2004:19";"abie abie abie";"ml";"+";"Abietinella abietina";;" | Changed abie abie To abie abie abie 2012-11-12 08:56:31"
"exner2004:19";"achi mill aggr";"hl";"+";"Achillea millefolium agg.";;
"exner2004:19";"alli lusi";"hl";"+";"Allium senescens";;
"exner2004:19";"anth vuln slat";"hl";"+";"Anthyllis vulneraria";;
"exner2004:19";"arte camp";"hl";"+";"Artemisia campestris";;
"exner2004:19";"aspl sept sept";"hl";"+";"Asplenium septentrionale";;
"exner2004:19";"aste alpi";"hl";"+";"Aster  alpinus";;
"exner2004:19";"brac pinn aggr";"hl";"+";"Brachypodium pinnatum agg.";;
"exner2004:19";"cala vari";"hl";"+";"Calamagrostis varia";;
"exner2004:19";"camp spic";"hl";"+";"Campanula spicata";;
"exner2004:19";"card defl slat";"hl";"+";"Carduus defloratus agg.";;
"exner2004:19";"carl acau slat";"hl";"+";"Carlina acaulis";;
"exner2004:19";"caru carv";"hl";"+";"Carum carvi";;
"exner2004:19";"cera arve slat";"hl";"+";"Cerastium arvense";;
"exner2004:19";"clin acin";"hl";"+";"Acinos alpinus";;
"exner2004:19";"clin vulg vulg";"hl";"+";"Clinopodium vulgare";;
"exner2004:19";"dian sylv";"hl";"+";"Dianthus sylvestris";;
"exner2004:19";"erys sylv";"hl";"+";"Erysimum sylvestre";;
"exner2004:19";"euph cypa";"hl";"1";"Euphorbia cyparissias";;
"exner2004:19";"euph sali";"hl";"+";"Euphrasia salisburgensis";;
"exner2004:19";"fest stri sulc";"hl";"1";"Festuca  rupicola";;
"exner2004:19";"gali moll aggr";"hl";"1";"Galium mollugo agg.";;
"exner2004:19";"heli numm slat";"hl";"+";"Helianthemum nummularium agg.";;
"exner2004:19";"hier pilo ella";"hl";"+";"Hieracium pilosella";;
"exner2004:19";"jovi glob aren";"hl";"+";"Jovibarba arenaria";;
"exner2004:19";"juni sabi";"hl";"4";"Juniperus sabina";;
"exner2004:19";"koel pyra pyra";"hl";"1";"Koeleria pyramidata auct.";;
"exner2004:19";"lase lati lati";"hl";"+";"Laserpitium  latifolium";;
"exner2004:19";"linu cath";"hl";"+";"Linum catharticum";;
"exner2004:19";"orig vulg";"hl";"+";"Origanum vulgare";;
"exner2004:19";"pedi tube";"hl";"+";"Pedicularis tuberosa";;
"exner2004:19";"phyt beto";"hl";"+";"Phyteuma betonicifolia";;
"exner2004:19";"plan lanc";"hl";"+";"Plantago lanceolata";;
"exner2004:19";"poa glau";"hl";"1";"Poa glauca";;
"exner2004:19";"poa moli";"hl";"1";"Poa molineri";;
"exner2004:19";"poly odor";"hl";"+";"Polygonatum odoratum";;
"exner2004:19";"poly vulg";"hl";"+";"Polypodium vulgare agg.";;
"exner2004:19";"popu trem";"hl";"+";"Populus tremula";;
"exner2004:19";"pote vern aggr";"hl";"1";"Potentilla verna agg.";;
"exner2004:19";"raco cane slat";"ml";"+";"Racomitrium canescens";;" | Changed raco cane To raco cane slat 2012-11-12 08:56:31"
"exner2004:19";"rhin aris aggr";"hl";"+";"Rhinanthus aristatus agg.";;
"exner2004:19";"rosa vosa aggr";"hl";"+";"Rosa dumalis s. lat.";;
"exner2004:19";"saxi pani";"hl";"1";"Saxifraga paniculata";;
"exner2004:19";"scab colu";"hl";"+";"Scabiosa columbaria";;
"exner2004:19";"schi apoc";"ml";"1";"Schistidium apocarpum";;
"exner2004:19";"sedu albu";"hl";"1";"Sedum album";;
"exner2004:19";"semp arac";"hl";"1";"Sempervivum arachnoideum";;
"exner2004:19";"semp mont";"hl";"+";"Sempervivum montanum";;
"exner2004:19";"sile nuta nuta";"hl";"+";"Silene nutans s. lat.";;
"exner2004:19";"sile vulg vulg";"hl";"+";"Silene vulgaris";;
"exner2004:19";"thal minu slat";"hl";"+";"Thalictrum minus agg.";;
"exner2004:19";"thes alpi";"hl";"+";"Thesium alpinum";;
"exner2004:19";"thym prae slat";"hl";"1";"Thymus praecox agg.";;
"exner2004:19";"tort rura";"ml";"+";"Tortula ruralis";;
"exner2004:19";"tort tort";"ml";"1";"Tortella tortuosa";;
"exner2004:19";"trif mont mont";"hl";"+";"Trifolium montanum";;
"exner2004:19";"trif prat prat";"hl";"+";"Trifolium pratense";;
"exner2004:19";"trif repe repe";"hl";"+";"Trifolium repens";;
"exner2004:19";"vale trip";"hl";"+";"V. tripteris";;
"exner2004:19";"verb lych";"hl";"+";"Verbascum lychnitis";;
"exner2004:19";"vero cham slat";"hl";"+";"Veronica chamaedrys agg.";;
"exner2004:19";"vero frut cans";"hl";"+";"Veronica fruticans";;
"exner2004:20";"abie abie abie";"ml";"+";"Abietinella abietina";;" | Changed abie abie To abie abie abie 2012-11-12 08:56:31"
"exner2004:20";"achi mill aggr";"hl";"+";"Achillea millefolium agg.";;
"exner2004:20";"agro capi";"hl";"+";"Agrostis capillaris";;
"exner2004:20";"arab hirs aggr";"hl";"+";"Arabis hirsuta agg.";;
"exner2004:20";"aren serp";"hl";"+";"Arenaria serpyllifolia agg.";;
"exner2004:20";"berb vulg";"hl";"1";"Berberis vulgaris";;
"exner2004:20";"brac pinn aggr";"hl";"2";"Brachypodium pinnatum agg.";;
"exner2004:20";"briz medi";"hl";"1";"Briza media";;
"exner2004:20";"cala vari";"hl";"2";"Calamagrostis varia";;
"exner2004:20";"care cary";"hl";"1";"Carex caryophyllea";;
"exner2004:20";"care orni slat";"hl";"1";"Carex ornithopoda agg.";;
"exner2004:20";"carl acau slat";"hl";"1";"Carlina acaulis";;
"exner2004:20";"cera arve slat";"hl";"+";"Cerastium arvense";;
"exner2004:20";"clin acin";"hl";"1";"Acinos alpinus";;
"exner2004:20";"clin vulg vulg";"hl";"+";"Clinopodium vulgare";;
"exner2004:20";"dian sylv";"hl";"1";"Dianthus sylvestris";;
"exner2004:20";"erys sylv";"hl";"+";"Erysimum sylvestre";;
"exner2004:20";"euph cypa";"hl";"2";"Euphorbia cyparissias";;
"exner2004:20";"euph offi slat";"hl";"+";"Euphrasia offcinalis";;
"exner2004:20";"fest rubr aggr";"hl";"1";"F. rubra agg.";;
"exner2004:20";"fest stri sulc";"hl";"2";"Festuca  rupicola";;
"exner2004:20";"frag vesc";"hl";"+";"Fragaria vesca";;
"exner2004:20";"frax exce";"hl";"+";"Fraxinus excelsior";;
"exner2004:20";"gali moll aggr";"hl";"+";"Galium mollugo agg.";;
"exner2004:20";"gali pumi";"hl";"+";"Galium pusillum agg.";;
"exner2004:20";"glob cord";"hl";"+";"Globularia cordifolia";;
"exner2004:20";"gyps repe";"hl";"+";"Gypsophila repens";;
"exner2004:20";"heli numm slat";"hl";"2";"Helianthemum nummularium agg.";;
"exner2004:20";"hier pilo ella";"hl";"1";"Hieracium pilosella";;
"exner2004:20";"juni comm comm";"hl";"+";"Juniperus communis";;
"exner2004:20";"juni sabi";"hl";"2";"Juniperus sabina";;
"exner2004:20";"koel pyra pyra";"hl";"2";"Koeleria pyramidata auct.";;
"exner2004:20";"lari deci deci";"hl";"+";"Larix decidua";;
"exner2004:20";"leon hisp slat";"hl";"+";"Leontodon hispidus";;
"exner2004:20";"linu cath";"hl";"+";"Linum catharticum";;
"exner2004:20";"lotu corn slat";"hl";"1";"Lotus corniculatus agg.";;
"exner2004:20";"medi lupu";"hl";"+";"Medicago lupulina";;
"exner2004:20";"phle phle";"hl";"+";"Phleum phleoides";;
"exner2004:20";"pice abie";"hl";"+";"Picea abies";;
"exner2004:20";"pimp saxi slat";"hl";"1";"Pimpinella saxifraga agg.";;
"exner2004:20";"plan lanc";"hl";"+";"Plantago lanceolata";;
"exner2004:20";"plan medi";"hl";"+";"Plantago media";;
"exner2004:20";"poa moli";"hl";"1";"Poa molineri";;
"exner2004:20";"poly cham";"hl";"+";"Polygala chamaebuxus";;
"exner2004:20";"pote vern aggr";"hl";"1";"Potentilla verna agg.";;
"exner2004:20";"prun vulg";"hl";"+";"Prunella vulgaris";;
"exner2004:20";"ranu bulb";"hl";"+";"Ranunculus bulbosus";;
"exner2004:20";"rham cath";"hl";"+";"Rhamnus cathartica";;
"exner2004:20";"ribe uvac slat";"hl";"+";"Ribes uva-crispa";;
"exner2004:20";"rosa vosa aggr";"hl";"+";"Rosa dumalis s. lat.";;
"exner2004:20";"semp arac";"hl";"+";"Sempervivum arachnoideum";;
"exner2004:20";"sese annu";"hl";"+";"Seseli annuum";;
"exner2004:20";"sile nuta nuta";"hl";"+";"Silene nutans s. lat.";;
"exner2004:20";"tara spec ies";"hl";"+";"Taraxacum sp.";;
"exner2004:20";"teuc mont";"hl";"1";"Teucrium montanum";;
"exner2004:20";"thal minu slat";"hl";"+";"Thalictrum minus agg.";;
"exner2004:20";"thym prae slat";"hl";"1";"Thymus praecox agg.";;
"exner2004:20";"trif mont mont";"hl";"1";"Trifolium montanum";;
"exner2004:20";"trif prat prat";"hl";"+";"Trifolium pratense";;
"exner2004:20";"vero cham slat";"hl";"+";"Veronica chamaedrys agg.";;
"exner2004:20";"viol coll";"hl";"+";"Viola collina";;
